task_id,system,run_idx,internal_consistency,completeness,groundedness,actionability,judge_overall,task_success_llm,summary,issues
anomaly_01_a,langgraph,0,5,5,5,5,5,True,"The response provides a detailed and specific analysis of usage spikes for CUST-1001 in July 2019, with actionable next steps.",
anomaly_01_a,langgraph,1,5,5,5,5,5,True,"The response provides detailed and specific information about usage spikes in July 2019, addressing the user's question comprehensively.",
anomaly_01_a,one_shot,0,5,2,2,3,3,False,The response is generic and does not provide specific details about the customer's usage spikes in July 2019.,Does not address the specific question about usage spikes for CUST-1001 in July 2019.; Provides generic advice about summer usage without citing concrete details.; Fails to offer actionable next steps beyond suggesting contacting the billing department.
anomaly_01_a,one_shot,1,5,2,2,3,3,False,The response fails to address the specific question about usage spikes and provides only generic advice.,Does not address the specific question about usage spikes in July 2019.; Relies on generic explanations without citing any specific data or details.; Fails to provide concrete next steps beyond suggesting the customer check their account or contact support.
anomaly_01_a,orchestrator,0,5,5,5,5,5,True,The response provides detailed and specific information about usage spikes in July 2019 and offers actionable next steps.,
anomaly_01_a,orchestrator,1,5,5,5,5,5,True,"The response provides detailed and specific information about usage spikes in July 2019, along with actionable next steps.",
anomaly_01_a,rag,0,5,5,5,5,5,True,"The response is detailed, specific, and fully addresses the user's question about usage spikes in July 2019.",
anomaly_01_a,rag,1,5,5,5,5,5,True,"The response is detailed, consistent, and provides specific data addressing the user's question.",
anomaly_01_b,langgraph,0,5,5,5,4,4.75,True,"The response provides detailed and specific information about unusual energy use periods for July 2019, addressing the user's question thoroughly.",The response could provide clearer next steps for the customer to investigate or resolve the anomalies.
anomaly_01_b,langgraph,1,5,5,5,4,4.75,True,The response provides detailed and specific information about unusual energy usage periods for the customer in July 2019.,The response does not provide clear next steps for the customer to address or investigate the anomalies further.
anomaly_01_b,one_shot,0,5,2,2,3,3,False,The response provides general advice but lacks specific details about the customer's energy usage in July 2019.,Does not address the specific question about unusual energy use periods for CUST-1001 in July 2019.; Fails to provide any concrete details or data related to the customer's account.; Relies on generic advice rather than specific insights.
anomaly_01_b,one_shot,1,5,2,2,3,3,False,The response provides generic advice but fails to address the specific question about unusual energy use periods for July 2019.,Does not address the specific question about unusual energy use periods for July 2019.; Provides only generic advice without citing any concrete details or specifics.; Suggests contacting customer service without offering actionable next steps tailored to the user's query.
anomaly_01_b,orchestrator,0,5,5,5,5,5,True,The response provides specific details about unusual energy usage periods in July 2019 and offers actionable next steps.,
anomaly_01_b,orchestrator,1,5,5,5,5,5,True,"The response provides a detailed analysis of unusual energy usage periods in July 2019, cites specific anomalies, and offers actionable next steps.",
anomaly_01_b,rag,0,5,5,5,4,4.75,True,The response provides specific details about energy use patterns and confirms no unusual activity for the requested period.,
anomaly_01_b,rag,1,5,5,5,5,5,True,"The response provides a clear and specific analysis of energy usage for July 2019, confirming no unusual periods.",
anomaly_01_c,langgraph,0,5,5,5,5,5,True,"The response provides detailed and specific information about abnormal electricity usage for CUST-1001 in July 2019, including dates, times, and consumption values.",
anomaly_01_c,langgraph,1,5,5,5,5,5,True,"The response provides specific, detailed information about abnormal electricity usage for CUST-1001 in July 2019, addressing the user's question fully and offering actionable next steps.",
anomaly_01_c,one_shot,0,5,2,2,3,3,False,The response lacks specific details about the customer's electricity usage and does not directly address the request.,Does not provide specific data or analysis for July 2019 electricity usage.; Relies on generic advice without addressing the abnormal usage query directly.; Fails to offer concrete next steps beyond contacting customer service or checking the portal.
anomaly_01_c,one_shot,1,5,2,2,3,3,False,The response provides general advice but fails to address the specific request for abnormal electricity usage in July 2019 for CUST-1001.,Does not provide specific details about CUST-1001's electricity usage in July 2019.; Relies on generic advice rather than citing concrete data or specifics.; Fails to directly identify abnormal usage or provide actionable insights tailored to the user's account.
anomaly_01_c,orchestrator,0,5,5,5,5,5,True,The response provides detailed abnormal usage data for July 2019 and clear next steps for investigation.,
anomaly_01_c,orchestrator,1,5,5,5,5,5,True,"The response provides detailed, specific information about abnormal electricity usage in July 2019 and offers clear next steps.",
anomaly_01_c,rag,0,5,5,5,5,5,True,The response provides specific abnormal electricity usage details for July 2019 with clear data points.,
anomaly_01_c,rag,1,5,5,5,5,5,True,"The response provides specific abnormal usage details for July 2019 and is internally consistent, complete, and actionable.",
anomaly_02,langgraph,0,5,5,5,4,4.75,True,The response provides a detailed and specific analysis of anomalies in the customer's usage during July 2019.,"The response could have included more actionable next steps for the customer, such as contacting support or checking for potential causes of the anomalies."
anomaly_02,langgraph,1,5,5,5,4,4.75,True,The response provides detailed anomaly detection results for July 2019 with specific examples and methods used.,The response does not provide immediate next steps or guidance for resolving the anomalies.
anomaly_02,one_shot,0,5,2,2,2,2.75,False,The response provides general advice but fails to address the specific request for anomaly detection in July 2019 for customer CUST-1002.,Does not address the specific customer ID or provide any concrete details about July 2019 usage.; Relies on generic advice without citing specific data or actionable insights.; Fails to provide clear next steps tailored to the user's request.
anomaly_02,one_shot,1,5,2,2,3,3,False,The response provides generic advice but fails to address the specific request for anomaly detection in July 2019 usage.,Does not address the specific request to detect anomalies in July 2019 usage for CUST-1002.; Lacks concrete details or data specific to the customer's account or July 2019 usage.; Relies on generic advice without actionable steps tailored to the customer's situation.
anomaly_02,orchestrator,0,5,5,5,5,5,True,"The response provides a detailed analysis of anomalies in July 2019 usage, cites specific data, and offers actionable next steps.",
anomaly_02,orchestrator,1,5,5,5,5,5,True,"The response provides a detailed analysis of anomalies in July 2019 usage for CUST-1002, with specific findings, explanations, and actionable next steps.",
anomaly_02,rag,0,5,2,4,2,3.25,False,The response provides outage and payment details but fails to analyze anomalies in usage as requested.,Does not address the core request to detect anomalies in usage.; Fails to provide actionable next steps for anomaly detection beyond requesting additional data.
anomaly_02,rag,1,5,3,4,2,3.5,False,The response provides some relevant context but fails to directly address the user's request to detect anomalies in usage.,"Does not analyze or detect anomalies in usage as requested.; Lacks actionable next steps for the customer to address the issue.; Provides unrelated details, such as payment history, which do not pertain to usage anomalies."
billing_01_a,langgraph,0,5,5,5,5,5,True,"The response provides a detailed breakdown of charges, usage anomalies, weather context, and outages, along with actionable next steps.",
billing_01_a,langgraph,1,5,5,5,5,5,True,"The response provides a detailed, specific breakdown of the July 2019 charges for CUST-1001, addressing all relevant factors and offering actionable next steps.",
billing_01_a,one_shot,0,5,3,2,3,3.25,False,The response provides general reasons for high bills but lacks specific details about the customer's account or charges.,Does not provide any specific details about the customer's July 2019 charges.; Relies on generic explanations without grounding in the customer's situation.; Fails to fully address the user's question about why they were charged so much.
billing_01_a,one_shot,1,5,3,2,3,3.25,False,The response provides general reasons for high bills but lacks specific details about the customer's account and charges.,"Does not provide any specific details about the customer's July 2019 bill.; Relies on generic explanations without grounding in the customer's actual data.; Actionable guidance is limited to contacting the billing department, which is not highly specific."
billing_01_a,orchestrator,0,5,5,5,5,5,True,"The response provides a detailed, specific, and actionable explanation for the high July 2019 bill, addressing all aspects of the user's question.",
billing_01_a,orchestrator,1,5,5,5,5,5,True,"The response provides a detailed and specific explanation of the July 2019 charges, including a breakdown of costs, usage anomalies, weather impact, and outages, along with actionable next steps.",
billing_01_a,rag,0,5,5,5,5,5,True,"The response provides a detailed, consistent, and actionable explanation of the charges for July 2019.",
billing_01_a,rag,1,5,5,5,5,5,True,"The response provides a detailed, consistent breakdown of charges for July 2019 and cites specific policies and amounts.",
billing_01_b,langgraph,0,5,5,5,5,5,True,"The response provides a detailed and specific explanation for the July 2019 bill spike, addressing usage anomalies, weather conditions, and outages, with actionable next steps.",
billing_01_b,langgraph,1,5,5,5,5,5,True,"The response provides a detailed and specific explanation for the July 2019 bill spike, addressing usage anomalies, weather conditions, and outages, with actionable next steps.",
billing_01_b,one_shot,0,5,3,2,3,3.25,False,The response provides general reasons for a bill spike but lacks specific details about the user's July 2019 bill.,Does not address the user's specific bill or provide concrete details.; Relies on generic explanations without citing specific data or policies.; Actionable guidance is limited to suggesting the user review their bill or contact support.
billing_01_b,one_shot,1,5,3,2,3,3.25,False,The response provides general reasons for bill spikes but lacks specific details about the user's July 2019 bill.,"Does not address the user's specific bill or provide concrete details.; Relies on generic explanations without citing specific dollar amounts, dates, or usage data.; Actionability is limited as the user is directed to review their bill or contact customer service without clear next steps."
billing_01_b,orchestrator,0,5,5,5,5,5,True,"The response provides a detailed and specific explanation of the July 2019 bill spike, citing concrete factors and actionable next steps.",
billing_01_b,orchestrator,1,5,5,5,5,5,True,"The response provides a detailed analysis of the July 2019 bill spike with specific factors, actionable advice, and clear next steps.",
billing_01_b,rag,0,5,5,5,5,5,True,The response thoroughly explains the July 2019 bill with specific details and offers actionable next steps.,
billing_01_b,rag,1,5,5,5,5,5,True,The response thoroughly explains the July 2019 bill with specific details and provides actionable steps for dispute resolution.,
billing_01_c,langgraph,0,5,5,5,5,5,True,"The response provides a detailed breakdown of charges, cites specific amounts, and offers actionable next steps.",
billing_01_c,langgraph,1,5,5,5,5,5,True,"The response provides a detailed and consistent breakdown of charges, credits, and payment guidance for the July 2019 statement.",
billing_01_c,one_shot,0,5,2,2,3,3,False,The response provides generic billing information but fails to address the user's specific question about their July 2019 statement.,Does not address the specific charges on the user's July 2019 statement.; Relies on generic billing information without citing any concrete details relevant to the user's account.; Fails to provide actionable next steps beyond suggesting contact with the billing department.
billing_01_c,one_shot,1,5,2,2,3,3,False,The response provides a generic explanation of utility bill components but fails to address the specific charges on the user's July 2019 statement.,Does not address the specific charges on the July 2019 statement.; Relies on generic information without citing any concrete details relevant to the user's account or question.; Suggests contacting the billing department without providing actionable specifics like contact details or next steps.
billing_01_c,orchestrator,0,5,5,5,5,5,True,"The response provides a detailed and consistent breakdown of charges, credits, and next steps for the July 2019 statement.",
billing_01_c,orchestrator,1,5,5,5,5,5,True,"The response provides a detailed, consistent breakdown of charges and credits, cites specific policies, and offers clear next steps.",
billing_01_c,rag,0,5,5,5,5,5,True,"The response provides a detailed and consistent breakdown of charges for the July 2019 statement, addressing the user's question fully.",
billing_01_c,rag,1,5,5,5,5,5,True,"The response provides a detailed and consistent breakdown of charges for the July 2019 statement, addressing the user's question fully.",
billing_02,langgraph,0,5,5,5,5,5,True,"The response provides a detailed and consistent breakdown of the July 2019 bill for customer CUST-1002, including specific charges and actionable payment guidance.",
billing_02,langgraph,1,5,5,5,5,5,True,"The response provides a detailed and consistent breakdown of the July 2019 bill for customer CUST-1002, with clear next steps for payment.",
billing_02,one_shot,0,5,2,1,2,2.5,False,The response provides generic information about utility bills but fails to address the specific request for a breakdown of the July 2019 bill for customer CUST-1002.,"Does not provide any specific details about the July 2019 bill for customer CUST-1002.; Relies entirely on generic information without citing concrete numbers, dates, or charges.; Fails to offer actionable next steps beyond vague advice to contact the billing department."
billing_02,one_shot,1,5,2,2,2,2.75,False,The response provides a generic explanation of utility bills but fails to address the specific request for a breakdown of the July 2019 bill.,Does not provide a breakdown of the July 2019 bill as requested.; Relies on generic information rather than specific details about the customer's account or bill.; Fails to offer concrete next steps beyond suggesting contacting customer service.
billing_02,orchestrator,0,5,5,5,5,5,True,"The response provides a detailed and consistent breakdown of the July 2019 bill for CUST-1002, with actionable next steps.",
billing_02,orchestrator,1,5,5,5,5,5,True,"The response provides a detailed and consistent breakdown of the July 2019 bill for CUST-1002, including charges, total amount, and actionable next steps.",
billing_02,rag,0,5,1,1,1,2,False,The response fails to provide any breakdown of the bill or actionable guidance.,Does not address the user's request for a bill breakdown.; Lacks specific details or concrete information.; Does not provide actionable next steps for the customer.
billing_02,rag,1,5,1,1,1,2,False,The response fails to provide a breakdown of the July 2019 bill and lacks actionable guidance.,Does not address the user's request for a bill breakdown.; Provides no specific details or concrete information.; Fails to offer actionable next steps beyond vague suggestions.
billing_03,langgraph,0,5,5,5,5,5,True,"The response provides a detailed breakdown of the bill, identifies the likely extra fee, and offers actionable next steps.",
billing_03,langgraph,1,5,5,5,5,5,True,"The response provides a detailed breakdown of the July 2019 bill, identifies the extra fee, and explains its basis clearly.",
billing_03,one_shot,0,5,2,2,3,3,False,The response provides generic advice but fails to address the specific fee on the July 2019 bill.,Does not address the specific fee on the July 2019 bill.; Lacks concrete details or specifics about the fee in question.; Relies on generic advice without providing actionable next steps tailored to the user's situation.
billing_03,one_shot,1,5,2,2,3,3,False,The response provides generic advice but lacks specific details about the fee in question.,Does not address the specific fee on the July 2019 bill for CUST-1001.; Fails to provide any concrete details or specifics about the bill or fees.; Relies on generic advice without citing relevant policies or examples.
billing_03,orchestrator,0,5,5,5,5,5,True,"The response provides a detailed breakdown of the July 2019 bill, explains the extra fee, and offers clear next steps.",
billing_03,orchestrator,1,5,5,5,5,5,True,"The response provides a clear explanation of the extra fee, detailed bill breakdown, and actionable next steps.",
billing_03,rag,0,5,5,5,5,5,True,"The response provides a clear, specific explanation of the extra fee and its calculation.",
billing_03,rag,1,5,5,5,5,5,True,"The response clearly identifies the extra fee, provides specific details, and references the policy for further clarification.",
multihop_01,langgraph,0,5,5,5,5,5,True,"The response provides a detailed and specific explanation of the high July 2019 bill, addressing usage anomalies, weather context, and outages comprehensively.",
multihop_01,langgraph,1,5,5,5,5,5,True,"The response thoroughly explains the high bill with specific details on usage anomalies, weather context, and outages, and offers clear next steps.",
multihop_01,one_shot,0,5,3,2,3,3.25,False,"The response provides general insights but lacks specific details about the customer's bill, usage anomalies, weather, and outages.","Does not provide specific details about CUST-1001's July 2019 bill, usage anomalies, weather context, or outages.; Relies on generic explanations without citing concrete data or specifics.; Suggests contacting the billing team without offering actionable next steps or direct contact information."
multihop_01,one_shot,1,5,3,2,2,3,False,The response provides general insights but lacks specific details about the customer's account and does not fully address the question.,"Does not provide specific details about CUST-1001's July 2019 bill, usage anomalies, weather context, or outages.; Relies on generic explanations without citing concrete data or specifics.; Fails to offer actionable next steps beyond contacting customer service."
multihop_01,orchestrator,0,5,5,5,5,5,True,"The response provides a detailed and specific explanation of the high July 2019 bill, addressing usage anomalies, weather context, outages, and next steps.",
multihop_01,orchestrator,1,5,5,5,5,5,True,"The response provides a detailed and specific explanation of the high July 2019 bill, addressing usage anomalies, weather context, and outages, along with actionable next steps.",
multihop_01,rag,0,5,4,5,4,4.5,True,"The response provides a detailed breakdown of the July 2019 bill, including usage, charges, discounts, weather context, and outages, but does not fully explain why the bill might be considered 'high.'",Does not fully address why the bill might be considered 'high' despite providing detailed breakdowns.
multihop_01,rag,1,5,5,5,5,5,True,"The response provides a detailed and consistent explanation of the July 2019 bill, addressing usage, weather, solar production, and outages with specific details.",
multihop_02,langgraph,0,5,5,5,5,5,True,"The response provides specific details about the outage and its impact on the bill, along with clear next steps for the customer.",
multihop_02,langgraph,1,5,5,5,5,5,True,"The response provides specific outage details, explains its impact on the bill, and offers clear next steps for the customer.",
multihop_02,one_shot,0,5,2,2,3,3,False,"The response lacks specific details about the outage and its impact on the bill, offering only generic advice.",Does not address whether there was an outage for CUST-1002 in July 2019.; Does not provide specific details about how an outage might have affected the bill.; Relies on generic advice without citing concrete policies or examples.
multihop_02,one_shot,1,5,2,2,3,3,False,The response is generic and does not provide specific details about the outage or billing impact.,Does not address whether there was an outage for CUST-1002 in July 2019.; Fails to provide specific details about how an outage might have affected the bill.; Relies on generic advice without citing concrete information or policies.
multihop_02,orchestrator,0,5,5,5,5,5,True,The response thoroughly addresses the outage and its impact on the bill with specific details and actionable next steps.,
multihop_02,orchestrator,1,5,5,5,5,5,True,The response thoroughly addresses the outage and its impact on the bill with specific details and actionable next steps.,
multihop_02,rag,0,5,4,5,3,4.25,True,The response provides specific outage details but lacks clarity on billing impact and next steps.,Does not explain whether or how the outage affected the customer's bill.; Suggests contacting support without providing actionable next steps.
multihop_02,rag,1,5,4,5,3,4.25,False,The response provides specific outage details but does not address how the outage affected the customer's bill.,Does not explain how the outage impacted the customer's bill.; Actionable next steps are vague and require the customer to follow up.
multihop_03,langgraph,0,5,4,5,3,4.25,True,The response links July 2019 usage spikes to hot weather with specific details but lacks clear next steps for the customer.,Does not provide actionable guidance for managing or investigating high usage further.
multihop_03,langgraph,1,5,5,5,4,4.75,True,"The response provides a detailed and consistent explanation linking the usage spikes to weather conditions, with specific data cited.",The response does not provide explicit next steps for the customer to take.
multihop_03,one_shot,0,5,3,2,3,3.25,False,The response provides general advice but lacks specific details about the user's account or weather data.,Does not provide specific details about the user's July 2019 usage or weather data.; Fails to address the user's question with concrete evidence or analysis.; Suggests contacting support but does not provide clear instructions on how to do so.
multihop_03,one_shot,1,5,3,2,3,3.25,False,The response provides general insights but lacks specific details about the customer's usage or weather data.,Does not address the specific spikes in usage for July 2019 tied to weather.; Fails to provide concrete details such as historical weather data or specific usage patterns.; Suggests contacting the billing team without offering actionable steps or direct assistance.
multihop_03,orchestrator,0,5,5,5,5,5,True,"The response provides a detailed analysis of usage spikes, ties them partially to weather, and offers actionable next steps.",
multihop_03,orchestrator,1,5,5,5,5,5,True,"The response thoroughly analyzes the July 2019 usage spikes, ties them to weather conditions, and provides actionable next steps.",
multihop_03,rag,0,5,3,4,2,3.5,False,The response provides some specifics but does not fully address the question about weather's impact on usage spikes.,Does not directly analyze or correlate weather data with usage spikes.; Actionability is low as no clear next steps are provided.
multihop_03,rag,1,5,3,4,3,3.75,False,The response provides some specifics but does not fully address whether weather caused the spikes in usage.,Does not directly analyze or explain the connection between weather and usage spikes beyond mentioning one outage day.; Fails to address the broader context of July 2019 usage spikes comprehensively.
multihop_04,langgraph,0,5,5,5,5,5,True,"The response provides a detailed forecast, addresses potential hardship triggers, and offers actionable next steps.",
multihop_04,langgraph,1,5,5,5,5,5,True,"The response provides a detailed forecast, evaluates hardship triggers, and offers actionable next steps to address the customer's financial situation.",
multihop_04,one_shot,0,5,2,2,3,3,False,The response provides general advice but fails to forecast the bill or address the shock/hardship trigger directly.,Does not forecast the next bill as requested.; Fails to address whether the bill will trigger a shock or hardship.; Provides only generic advice without specific details related to the customer's account.
multihop_04,one_shot,1,5,2,2,3,3,False,The response provides general advice but fails to forecast the bill or address the shock or hardship trigger directly.,Does not provide a forecast for the next bill as requested.; Fails to address whether the bill will trigger a shock or hardship.; Lacks specific details or concrete data related to the customer's account.
multihop_04,orchestrator,0,5,5,5,5,5,True,"The response provides a detailed forecast, addresses potential hardship triggers, and offers actionable next steps.",
multihop_04,orchestrator,1,5,5,5,5,5,True,"The response provides a detailed forecast, identifies potential hardship triggers, and offers actionable next steps.",
multihop_04,rag,0,5,5,5,5,5,True,"The response provides a clear forecast, analyzes financial strain, and offers actionable next steps.",
multihop_04,rag,1,5,4,4,4,4.25,True,The response provides a forecasted bill and assesses potential hardship but lacks specific usage data for a more precise calculation.,No specific usage data was included to refine the forecast.
multihop_05,langgraph,0,5,5,5,5,5,True,"The response provides a detailed and consistent breakdown of the July 2019 bill for CUST-1001, including charges, credits, and payment status.",
multihop_05,langgraph,1,5,5,5,5,5,True,"The response provides a detailed and consistent breakdown of the July 2019 bill for CUST-1001, addressing the user's request fully and with actionable clarity.",
multihop_05,one_shot,0,5,2,1,3,2.75,False,The response does not provide any specific details about the July 2019 bill and redirects the user to other resources.,Does not address the specific question about July 2019 billing details.; Provides generic advice without citing any concrete specifics.
multihop_05,one_shot,1,5,2,1,3,2.75,False,The response fails to provide specific billing details for July 2019 and redirects the user to other resources.,Does not provide any specific information about the July 2019 bill.; Fails to address the user's request directly and instead redirects to external resources.; Lacks concrete details or grounded information relevant to the question.
multihop_05,orchestrator,0,5,5,5,5,5,True,"The response provides a detailed breakdown of the July 2019 bill for CUST-1001, cites specific charges, and offers clear next steps.",
multihop_05,orchestrator,1,5,5,5,5,5,True,"The response provides a detailed and consistent breakdown of the July 2019 bill for account CUST-1001, including charges, credits, and actionable next steps.",
multihop_05,rag,0,5,5,5,5,5,True,"The response provides a detailed, consistent, and actionable breakdown of the July 2019 bill for customer CUST-1001.",
multihop_05,rag,1,5,5,5,5,5,True,"The response provides a detailed and internally consistent breakdown of the July 2019 bill for CUST-1001, including specific charges, credits, and due date.",
multihop_06,langgraph,0,5,5,5,5,5,True,"The response provides a detailed analysis of the customer's billing and payment risk, with specific recommendations for action.",
multihop_06,langgraph,1,5,5,5,5,5,True,"The response provides a detailed analysis of the customer's payment risk, specific billing details, and actionable recommendations.",
multihop_06,one_shot,0,5,3,2,3,3.25,False,The response is generic and lacks specific details about the outage or its impact on the customer's payment risk.,Does not provide any specific details about the outage or billing impact.; Fails to address whether the outage could push the customer into payment risk.; Relies on generic advice without citing concrete data or policies.
multihop_06,one_shot,1,5,2,2,3,3,False,The response provides general advice but lacks specific details about the outage or its impact on the customer's bill.,"Does not address the specific outage in July 2019 or its direct impact on the customer's bill.; Lacks concrete details such as dollar amounts, dates, or policies related to billing adjustments for outages.; Fails to provide actionable next steps beyond generic advice to contact the billing department."
multihop_06,orchestrator,0,5,5,5,5,5,True,"The response provides a detailed and specific analysis of the outage, billing impact, and payment risk, along with clear next steps for resolution.",
multihop_06,orchestrator,1,5,5,5,5,5,True,"The response provides a detailed analysis of the outage, billing impact, payment risk, and actionable next steps.",
multihop_06,rag,0,5,5,5,4,4.75,True,"The response provides a detailed and consistent analysis of the outage and payment history, addressing the question effectively.",The response could suggest specific next steps for the customer to address payment risk.
multihop_06,rag,1,5,5,5,4,4.75,True,"The response is detailed, consistent, and addresses the question with specific data, though it could offer clearer next steps.",Could provide clearer guidance on how the customer might address payment risk.
multihop_07,langgraph,0,5,5,5,4,4.75,True,"The response provides a detailed and consistent analysis of the solar system's performance in July 2019, addressing the user's question with specific data.",The response could have suggested specific next steps for investigating other potential factors affecting the bill.
multihop_07,langgraph,1,5,5,5,5,5,True,"The response thoroughly addresses the question with specific details about weather, solar performance, and potential reasons for a higher bill.",
multihop_07,one_shot,0,5,3,2,3,3.25,False,The response provides general insights but lacks specific details about July 2019 weather or the customer's solar performance.,Does not provide specific weather data or solar performance details for July 2019.; Relies on generic advice without grounding in concrete information relevant to the customer.
multihop_07,one_shot,1,5,3,2,3,3.25,False,The response provides general insights but lacks specific details and actionable guidance.,Does not address the specific performance of CUST-1001's solar system or July 2019 weather data.; Fails to provide concrete details such as historical weather data or solar production metrics.; Actionability is limited as the customer is left to independently investigate weather data and solar performance.
multihop_07,orchestrator,0,5,5,5,5,5,True,"The response thoroughly addresses the question with specific details about solar performance, weather, billing, and actionable next steps.",
multihop_07,orchestrator,1,5,5,5,5,5,True,"The response provides a detailed and consistent explanation of the solar performance, weather impact, and billing details, along with actionable next steps.",
multihop_07,rag,0,5,5,5,5,5,True,"The response is detailed, consistent, and fully addresses the user's question with specific data and clear conclusions.",
multihop_07,rag,1,5,5,5,5,5,True,The response thoroughly addresses the question with specific data and clear conclusions.,
multihop_08,langgraph,0,5,5,5,5,5,True,"The response provides a detailed analysis of the customer's usage spike, recommends specific programs, and outlines actionable next steps.",
multihop_08,langgraph,1,5,5,5,5,5,True,"The response is detailed, consistent, and provides actionable recommendations tailored to the customer's usage and billing data.",
multihop_08,one_shot,0,5,2,2,3,3,False,The response provides generic advice but fails to address the specific account or usage spike inquiry.,Does not address the specific account or usage data for CUST-1002.; Provides only generic recommendations without concrete details or programs tailored to the user's situation.; Fails to recommend a specific program based on the user's July 2019 usage spike.
multihop_08,one_shot,1,5,3,2,3,3.25,False,The response provides general advice but fails to address the specific account or usage spike inquiry.,"Does not address the specific account or usage spike for CUST-1002 in July 2019.; Lacks concrete details such as dollar amounts, kWh values, or specific program names.; Fails to provide actionable next steps tailored to the customer's situation."
multihop_08,orchestrator,0,5,5,5,5,5,True,"The response provides a detailed breakdown of the customer's usage, identifies potential causes, recommends specific programs, and outlines clear next steps.",
multihop_08,orchestrator,1,5,5,5,5,5,True,"The response is detailed, consistent, and provides actionable recommendations tailored to the user's usage and billing data.",
multihop_08,rag,0,5,2,2,1,2.5,False,The response fails to address the user's request and provides no actionable guidance or specific details.,Does not address the user's request to check for usage spikes or recommend a program.; Fails to provide any specific details or alternative solutions.; Lacks actionable next steps for the customer.
multihop_08,rag,1,5,2,1,1,2.25,False,The response fails to address the user's request and provides no actionable guidance or specifics.,Does not address the request to check for usage spikes or recommend a program.; Provides no specific details or concrete information.; Fails to offer actionable next steps beyond asking for more information.
multihop_09,langgraph,0,5,5,5,5,5,True,"The response provides a detailed forecast, program simulation, and payment risk assessment with actionable recommendations.",
multihop_09,langgraph,1,5,5,5,5,5,True,"The response provides a detailed forecast, program simulation, payment risk assessment, and actionable next steps tailored to the customer's situation.",
multihop_09,one_shot,0,5,2,2,2,2.75,False,"The response provides generic advice but fails to address the specific request for forecasting, simulation, and risk assessment.",Does not forecast the next bill for CUST-1002.; Does not simulate the impact of program enrollment on the bill.; Does not assess final payment risk for the customer.; Relies on vague generalities rather than specific details or data.
multihop_09,one_shot,1,5,2,2,2,2.75,False,"The response provides generic advice but fails to address the specific request for forecasting, simulation, and risk assessment.",Does not forecast the next bill for CUST-1002.; Does not simulate the impact of program enrollment on the bill.; Does not assess final payment risk for the customer.; Provides only generic advice without specific details or actionable steps.
multihop_09,orchestrator,0,5,5,5,5,5,True,"The response provides a detailed forecast, program simulation, and payment risk assessment with actionable next steps.",
multihop_09,orchestrator,1,5,5,5,5,5,True,"The response provides a detailed forecast, program simulation, payment risk assessment, and clear next steps for the customer.",
multihop_09,rag,0,5,5,5,5,5,True,"The response provides a detailed forecast, program simulation, and payment risk assessment with actionable next steps.",
multihop_09,rag,1,5,5,5,5,5,True,"The response provides a detailed forecast, simulates program enrollment impact, and assesses payment risk with actionable guidance.",
multihop_10,langgraph,0,5,5,5,5,5,True,"The response provides a detailed, consistent, and actionable investigation of July 2019 charges for CUST-1001, addressing all aspects of the query.",
multihop_10,langgraph,1,5,5,5,5,5,True,"The response provides a detailed and consistent investigation of the customer's July 2019 charges, addressing all requested aspects with actionable insights.",
multihop_10,one_shot,0,5,2,2,3,3,False,The response provides generic explanations but lacks specific details about the customer's July 2019 charges and does not fully address all aspects of the question.,"Does not provide specific details about CUST-1001's July 2019 charges, usage, weather, or outages.; Fails to investigate usage anomalies or provide concrete data.; Relies on generic advice rather than addressing the customer's specific situation."
multihop_10,one_shot,1,5,2,2,3,3,False,The response provides generic advice but fails to address the specific details of the customer's July 2019 charges.,"Does not investigate or provide specific details about July 2019 charges, usage anomalies, weather context, or outages.; Relies on generic explanations without citing concrete data or specifics.; Defers the customer to the billing department without offering actionable insights directly related to the question."
multihop_10,orchestrator,0,5,5,5,5,5,True,"The response provides a detailed and specific analysis of the July 2019 charges, addressing all aspects of the user's question with actionable next steps.",
multihop_10,orchestrator,1,5,5,5,5,5,True,"The response provides a detailed, consistent, and specific explanation of the July 2019 bill, addressing all aspects of the user's question with actionable next steps.",
multihop_10,rag,0,5,5,5,5,5,True,"The response provides a detailed, consistent, and actionable explanation of the July 2019 charges, addressing all aspects of the user's question.",
multihop_10,rag,1,5,5,5,5,5,True,"The response provides a thorough investigation of the July 2019 charges with detailed specifics, clear explanations, and actionable next steps.",
outage_01_a,langgraph,0,5,5,5,4,4.75,True,The response provides specific details about the outage and addresses the user's question effectively.,
outage_01_a,langgraph,1,5,5,5,5,5,True,The response provides a specific and detailed answer to the outage query with clear next steps.,
outage_01_a,one_shot,0,5,2,2,3,3,False,The response fails to provide specific information about the outage and redirects the customer to other resources.,Does not provide any specific information about the outage in July 2019.; Relies on generic advice and external redirection without addressing the user's question directly.
outage_01_a,one_shot,1,5,2,2,3,3,False,The response fails to provide specific information about the outage and relies on generic advice.,"Does not provide any specific details about the outage in July 2019.; Relies on the customer to check past communications or contact support, which is not sufficiently actionable.; Fails to address the user's question directly with concrete information."
outage_01_a,orchestrator,0,5,5,5,5,5,True,"The response provides a detailed and specific answer about the outage, including dates, times, cause, and next steps.",
outage_01_a,orchestrator,1,5,5,5,5,5,True,The response provides specific details about the outage and actionable next steps.,
outage_01_a,rag,0,5,5,5,5,5,True,The response provides specific details about the outage and fully addresses the user's question.,
outage_01_a,rag,1,5,5,5,5,5,True,"The response provides a clear, specific, and complete answer to the outage query.",
outage_01_b,langgraph,0,5,5,5,5,5,True,The response provides specific details about the outage and offers actionable next steps.,
outage_01_b,langgraph,1,5,5,5,5,5,True,"The response provides a clear, specific, and consistent answer to the user's question about a power outage in July 2019.",
outage_01_b,one_shot,0,5,2,2,3,3,False,The response does not provide a definitive answer or specific details about the outage and redirects the customer to contact support.,Does not address the user's question directly or provide any specific information about outages in July 2019.; Fails to cite concrete details or records related to outages.; Provides generic advice without actionable specifics tied to the user's account or situation.
outage_01_b,one_shot,1,5,2,2,3,3,False,The response fails to provide specific details about the outage and redirects the customer without addressing their question concretely.,Does not provide any specific information about the outage history for July 2019.; Relies on generic advice and speculation about possible causes of outages.; Fails to directly address the customer's question with actionable or grounded details.
outage_01_b,orchestrator,0,5,1,1,2,2.25,False,The response fails to address the user's question and provides no specific details or actionable information.,Does not answer the user's question about power loss in July 2019.; Provides no specific details or concrete information.; Suggests contacting support but does not offer clear next steps beyond a generic phone number.
outage_01_b,orchestrator,1,5,1,1,2,2.25,False,The response fails to provide any specific information or address the user's question.,Does not address the user's question about power loss in July 2019.; Lacks any specific details or grounded information.; Provides minimal actionability by only suggesting contacting support.
outage_01_b,rag,0,5,3,4,3,3.75,False,The response provides some specific data but does not fully address whether there was a power outage for the entire month of July 2019.,Does not conclusively address the question for the entire month of July 2019.; Suggests contacting support without providing actionable next steps.
outage_01_b,rag,1,5,4,5,3,4.25,True,The response provides specific data and concludes no outage occurred but lacks broader confirmation for the entire month.,"Does not confirm power status for the entire month of July 2019, only mentions July 10."
outage_01_c,langgraph,0,5,5,5,5,5,True,"The response provides a clear, specific, and complete answer to the user's question about service interruptions.",
outage_01_c,langgraph,1,5,5,5,5,5,True,"The response provides a clear, specific, and consistent answer about the service interruption in July 2019.",
outage_01_c,one_shot,0,5,2,2,3,3,False,"The response is vague, lacks specific details, and does not directly address the user's question.",Does not provide any specific information about service interruptions for July 2019.; Relies on generic explanations without citing concrete details or records.; Fails to fully address the user's question about service interruptions for the specified account and time period.
outage_01_c,one_shot,1,5,2,2,3,3,False,The response fails to provide specific details about service interruptions and redirects the user to contact customer service.,Does not provide any specific information about service interruptions for July 2019.; Relies on vague advice to check account history or contact customer service without offering concrete next steps or details.
outage_01_c,orchestrator,0,5,5,5,5,5,True,"The response provides a clear, specific, and actionable answer to the user's question about service interruptions in July 2019.",
outage_01_c,orchestrator,1,5,5,5,5,5,True,"The response provides a clear, specific, and actionable answer to the user's question about service interruptions in July 2019.",
outage_01_c,rag,0,5,2,1,2,2.5,False,The response fails to provide specific details or actionable information about service interruptions for the given customer ID.,Does not address the user's question about service interruptions.; Provides no specific details or concrete information.; Suggests providing additional details but does not offer clear next steps for the user.
outage_01_c,rag,1,5,2,2,2,2.75,False,The response fails to provide any specific information about service interruptions and shifts the burden back to the customer.,Does not address the user's question about service interruptions.; Lacks specific details or effort to provide relevant information.; Places unnecessary responsibility on the customer to provide additional details.
outage_02,langgraph,0,5,5,5,4,4.75,True,The response provides specific outage details for July 2019 and is internally consistent and complete.,Does not explicitly guide the customer on how to request billing adjustments or service credits.
outage_02,langgraph,1,5,5,5,5,5,True,The response provides a detailed and specific answer to the user's question about outages in July 2019.,
outage_02,one_shot,0,5,2,2,3,3,False,The response does not provide specific outage information and redirects the user to contact customer service.,"Does not address the specific question about outages for CUST-1001 in July 2019.; Lacks concrete details or specifics about outages, such as dates or durations.; Relies on generic advice and defers responsibility to customer service."
outage_02,one_shot,1,5,2,2,3,3,False,The response fails to provide specific details about outages and redirects the user to contact customer service.,Does not provide any specific information about outages for CUST-1001 in July 2019.; Relies on generic advice and suggests contacting customer service without offering concrete next steps or details.
outage_02,orchestrator,0,5,1,1,2,2.25,False,The response fails to address the user's question and provides no specific information.,Does not address whether CUST-1001 was affected by outages in July 2019.; Lacks any specific details or grounded information.; Provides minimal actionability by only suggesting contacting support.
outage_02,orchestrator,1,5,1,1,2,2.25,False,The response fails to address the user's question and provides no specific details or actionable information.,Does not address whether CUST-1001 was affected by outages in July 2019.; Provides no specific details or concrete information.; Offers generic advice to contact support without actionable next steps.
outage_02,rag,0,5,5,5,5,5,True,The response provides a detailed and consistent answer to the user's question about outages in July 2019.,
outage_02,rag,1,5,5,5,5,5,True,The response provides a detailed and specific answer about outages affecting the customer in July 2019.,
payment_01_a,langgraph,0,5,5,5,5,5,True,"The response provides a detailed assessment of the customer's payment risk and offers clear, actionable recommendations.",
payment_01_a,langgraph,1,5,5,5,5,5,True,The response provides a detailed risk assessment for CUST-1002 and actionable steps to mitigate payment issues.,
payment_01_a,one_shot,0,5,2,2,3,3,False,The response provides generic advice but fails to address the specific question about the customer's payment risk with concrete details.,Does not address the specific risk status of CUST-1002.; Provides generic advice without citing any specific details or policies.; Fails to offer actionable next steps tailored to the customer's situation.
payment_01_a,one_shot,1,5,2,2,3,3,False,The response is generic and does not address the specific question about CUST-1002's payment risk.,"Does not provide any specific details about CUST-1002's account or payment status.; Fails to address the user's question directly, instead offering generic advice.; Lacks actionable next steps tailored to the customer's situation."
payment_01_a,orchestrator,0,5,5,5,5,5,True,The response provides a detailed and specific assessment of the customer's payment risk and offers actionable steps to address the situation.,
payment_01_a,orchestrator,1,5,5,5,5,5,True,"The response provides a detailed risk assessment, specific account details, and actionable next steps to address the overdue balance.",
payment_01_a,rag,0,5,5,5,5,5,True,"The response is detailed, specific, and provides actionable insights regarding the customer's payment risk.",
payment_01_a,rag,1,5,5,5,5,5,True,"The response provides a clear, specific, and actionable explanation of the customer's payment risk status.",
payment_01_b,langgraph,0,5,5,5,5,5,True,The response provides a detailed risk assessment for CUST-1002 and actionable steps to mitigate disconnection risk.,
payment_01_b,langgraph,1,5,5,5,5,5,True,"The response provides a detailed risk assessment for CUST-1002, cites specific details, and offers clear next steps to mitigate the situation.",
payment_01_b,one_shot,0,5,3,2,4,3.5,False,The response provides general advice but lacks specific details about the customer's risk or account status.,"Does not address the specific risk for CUST-1002.; Lacks concrete details such as late fees, timelines, or account-specific information."
payment_01_b,one_shot,1,5,2,2,3,3,False,The response provides generic advice but lacks specific details about CUST-1002's risk or account status.,"Does not address the specific risk for CUST-1002.; Fails to provide concrete details such as late fees, service interruption policies, or assistance programs specific to the company.; Relies on generic advice without citing specific policies or account data."
payment_01_b,orchestrator,0,5,5,5,5,5,True,"The response provides a detailed assessment of the customer's risk, specific account details, and actionable next steps to address the issue.",
payment_01_b,orchestrator,1,5,5,5,5,5,True,"The response provides a detailed risk assessment, specific account details, and actionable next steps to address the customer's situation.",
payment_01_b,rag,0,5,5,5,5,5,True,"The response provides a detailed and specific risk assessment for the customer, addressing their payment history, current balance, and overdue status.",
payment_01_b,rag,1,5,4,5,4,4.5,True,The response provides a detailed risk assessment for the customer's account but lacks specific next steps for resolution.,"Does not explicitly suggest actionable steps for the customer to address the risk, such as contacting support or setting up a payment plan."
payment_01_c,langgraph,0,5,5,5,5,5,True,The response provides detailed specifics about the customer's delinquency risk and actionable next steps.,
payment_01_c,langgraph,1,5,5,5,5,5,True,"The response provides a detailed, consistent, and actionable assessment of the customer's delinquency risk with clear next steps.",
payment_01_c,one_shot,0,5,2,2,3,3,False,"The response lacks specific details about the account and provides only generic advice, failing to fully address the question.",Does not provide any specific information about the account or delinquency status.; Relies on generic advice without citing concrete details or policies.; Fails to directly address the user's concern about delinquency with actionable insights.
payment_01_c,one_shot,1,5,3,2,4,3.5,False,The response provides general advice but lacks specific details about the customer's account status.,"Does not address the specific account (CUST-1002) or provide concrete details.; Relies on generic advice rather than citing specific dates, amounts, or account history."
payment_01_c,orchestrator,0,5,5,5,5,5,True,"The response provides a detailed analysis of the account's delinquency risk, cites specific details, and offers actionable next steps.",
payment_01_c,orchestrator,1,5,5,5,5,5,True,"The response provides a detailed, specific, and actionable plan to address the customer's delinquency risk.",
payment_01_c,rag,0,5,5,5,4,4.75,True,"The response provides a detailed analysis of the customer's payment history and current status, indicating a risk of delinquency.",The response does not explicitly suggest actionable next steps for the customer to address the delinquency risk.
payment_01_c,rag,1,5,5,5,4,4.75,True,The response provides a detailed and consistent analysis of the customer's risk of delinquency with specific data points.,The response does not suggest concrete next steps for the customer to address the delinquency risk.
payment_02,langgraph,0,5,5,5,5,5,True,"The response provides detailed, specific options and recommendations tailored to the customer's situation.",
payment_02,langgraph,1,5,5,5,5,5,True,"The response provides a detailed, specific, and actionable analysis of budget billing and other options for the customer's July 2019 bill.",
payment_02,one_shot,0,5,3,2,4,3.5,False,The response provides general information about budget billing but lacks specific details about CUST-1002 or July 2019.,"Does not address the specific month (July 2019) or provide concrete details about CUST-1002's usage or billing history.; Relies on generic advice without citing specific numbers, dates, or policies.; Fails to definitively answer whether budget billing would have helped for July 2019."
payment_02,one_shot,1,5,3,2,3,3.25,False,The response provides general information about budget billing but lacks specifics about CUST-1002 or July 2019.,Does not provide specific details about CUST-1002's usage or billing for July 2019.; Lacks concrete data or examples to illustrate how budget billing would have impacted the customer.; Fails to offer clear next steps for the customer to evaluate or enroll in budget billing.
payment_02,orchestrator,0,5,5,5,5,5,True,"The response provides a detailed analysis of budget billing for July 2019, offers alternative options, and outlines clear next steps.",
payment_02,orchestrator,1,5,5,5,5,5,True,"The response provides a detailed analysis of budget billing and level-pay programs for July 2019, offers alternative options, and outlines clear next steps.",
payment_02,rag,0,5,3,3,2,3.25,False,The response explains the fixed base charge but does not fully address whether budget billing or level-pay would help for July 2019.,Does not explicitly evaluate the suitability of budget billing or level-pay for the customer's specific situation in July 2019.; Lacks actionable next steps or detailed explanation of how budget billing or level-pay programs work.
payment_02,rag,1,5,2,1,1,2.25,False,The response fails to provide specifics or actionable guidance regarding budget billing or level-pay programs.,"Does not address whether budget billing or level-pay programs could help, even in general terms.; Fails to provide any concrete details or examples about how these programs work.; Punts responsibility back to the customer without offering actionable next steps."
solar_01_a,langgraph,0,5,5,5,5,5,True,"The response provides a clear and detailed analysis of the solar panel performance for July 2019, addressing the question fully with specific data.",
solar_01_a,langgraph,1,5,5,5,5,5,True,"The response provides a detailed and consistent analysis of solar panel performance for July 2019, addressing the question fully with actionable insights.",
solar_01_a,one_shot,0,5,2,2,3,3,False,The response provides general advice but lacks specific details or analysis of the solar panel performance in July 2019.,Does not address the specific performance of CUST-1001's solar panels in July 2019.; Fails to provide any concrete details or data related to the question.; Relies on generic advice without actionable specifics tied to the customer's situation.
solar_01_a,one_shot,1,5,2,2,3,3,False,The response provides general advice but lacks specific details or analysis of the solar panel performance in July 2019.,Does not address the specific performance of CUST-1001's solar panels in July 2019.; Fails to provide concrete details or data related to the question.; Relies on generic advice without actionable specifics tailored to the user's situation.
solar_01_a,orchestrator,0,5,5,5,5,5,True,"The response provides a detailed and specific analysis of the solar panel performance in July 2019, addressing the question fully and offering clear next steps.",
solar_01_a,orchestrator,1,5,5,5,5,5,True,"The response provides a detailed and specific analysis of the solar panel performance in July 2019, addressing the question thoroughly with actionable next steps.",
solar_01_a,rag,0,5,5,5,4,4.75,True,The response provides specific solar generation data for July 2019 and concludes there is no indication of underperformance.,"The response could have suggested a more specific next step, such as comparing the provided data to historical averages or contacting support with benchmarks."
solar_01_a,rag,1,5,4,5,4,4.5,True,"The response provides specific solar generation data for July 2019 and concludes there is no indication of underperformance, but does not define performance benchmarks.",Does not define or compare against specific performance benchmarks to fully address underperformance.
solar_01_b,langgraph,0,5,5,5,4,4.75,True,The response provides a detailed and consistent explanation that addresses the user's question with specific data.,The response could suggest a next step if the customer still has concerns about their solar credits.
solar_01_b,langgraph,1,5,5,5,4,4.75,True,The response provides a detailed and consistent explanation that addresses the user's question with specific data.,
solar_01_b,one_shot,0,5,2,2,3,3,False,The response provides generic advice but fails to address the specific question about solar credits in July 2019.,Does not address whether solar credits were lower than usual in July 2019.; Relies on generic explanations without citing specific details or data.; Suggests contacting billing but does not provide concrete next steps or contact information.
solar_01_b,one_shot,1,5,3,2,3,3.25,False,The response provides general information but lacks specific details about the customer's solar credits in July 2019.,Does not address the specific question about whether solar credits were lower in July 2019.; Fails to provide any concrete details or data related to the customer's account.; Relies on generic advice without grounding in specifics.
solar_01_b,orchestrator,0,5,4,5,4,4.5,True,"The response provides a detailed analysis of solar credits for July 2019, confirming they were not lower than usual and offering actionable next steps.",Does not directly address whether the solar credits themselves (as opposed to generation) were lower than usual.
solar_01_b,orchestrator,1,5,5,5,5,5,True,"The response thoroughly addresses the question with specific details about solar credits, performance, and next steps.",
solar_01_b,rag,0,5,3,5,2,3.75,False,The response provides detailed solar production and export data but contradicts the user's question about lower credits.,Contradicts the user's question by stating credits were higher instead of addressing whether they were lower.; Does not explain how solar credits are calculated or directly link the provided data to the credits.
solar_01_b,rag,1,5,3,5,2,3.75,False,The response provides specific kWh values but contradicts the user's question about lower solar credits in July 2019.,Contradicts the user's question by stating credits were higher without addressing why the user perceived them as lower.; Does not explain how solar credits are calculated or provide clarity on the discrepancy.
solar_01_c,langgraph,0,5,5,5,5,5,True,"The response provides a detailed and consistent analysis of the solar system's performance in July 2019, addressing the user's query comprehensively.",
solar_01_c,langgraph,1,5,5,5,5,5,True,"The response provides a detailed and consistent analysis of the solar system's performance in July 2019, addressing the user's question fully.",
solar_01_c,one_shot,0,5,3,2,3,3.25,False,The response provides general advice but fails to address the specific question about solar generation in July 2019.,Does not address the specific question about whether the solar system was generating normally in July 2019.; Lacks concrete details or data related to the customer's solar system or the specified time period.; Relies on generic advice rather than providing specific insights or actionable steps tailored to the user's situation.
solar_01_c,one_shot,1,5,3,2,3,3.25,False,The response lacks specific details and does not directly address the customer's question about solar system performance in July 2019.,Does not provide specific data or analysis regarding the solar system's performance in July 2019.; Relies on generic advice without citing concrete details or records.; Fails to offer actionable next steps directly related to the utility company's capabilities.
solar_01_c,orchestrator,0,5,5,5,5,5,True,"The response provides a detailed and specific analysis of the solar system's performance in July 2019, addressing the question fully and offering clear next steps.",
solar_01_c,orchestrator,1,5,5,5,5,5,True,"The response provides a detailed and specific analysis of the solar system's performance in July 2019, confirming normal operation and offering clear next steps.",
solar_01_c,rag,0,5,4,5,3,4.25,True,The response provides specific solar generation data and concludes normal performance but lacks broader context or next steps.,Does not explain what 'normal' generation means or provide a benchmark for comparison.; No guidance on what to do if the customer disagrees with the assessment.
solar_01_c,rag,1,5,5,5,5,5,True,The response provides specific solar generation data for July 2019 and confirms normal performance.,
solar_02,langgraph,0,5,4,5,4,4.5,True,"The response provides a detailed and consistent estimate of solar credit loss for July 2019, concluding no loss occurred.",Does not explain how the 'Lost Credit Value' was calculated or provide the rate used for the calculation.
solar_02,langgraph,1,5,5,5,5,5,True,"The response provides a detailed and consistent analysis of solar credit loss for July 2019, concluding no loss occurred.",
solar_02,one_shot,0,5,2,2,3,3,False,The response provides general information about solar credits but lacks specific details or an estimate for the requested account and time period.,"Does not provide any specific estimate or calculation for solar credit loss for CUST-1002 in July 2019.; Relies on generic advice without citing concrete details like dollar amounts, kWh values, or historical data.; Fails to fully address the user's request for an estimate."
solar_02,one_shot,1,5,2,2,2,2.75,False,The response provides general information but fails to estimate the solar credit loss or provide specific details for CUST-1002.,Does not provide an estimate for solar credit loss as requested.; Relies on generic explanations without citing specific details for CUST-1002 or July 2019.; Fails to offer actionable next steps beyond generic advice to review statements or contact support.
solar_02,orchestrator,0,5,5,5,5,5,True,"The response provides a detailed and specific analysis of solar credit loss for July 2019, with clear next steps.",
solar_02,orchestrator,1,5,5,5,5,5,True,"The response provides a detailed analysis of solar credit performance for July 2019, cites specific data, and offers clear next steps.",
solar_02,rag,0,5,2,2,2,2.75,False,The response lacks specifics and does not provide an estimate or actionable next steps.,Does not provide an estimate for solar credit loss.; Fails to address the question with concrete details or calculations.; Suggests providing additional data but does not offer clear guidance on how to obtain it.
solar_02,rag,1,5,2,2,2,2.75,False,"The response fails to provide an estimate or meaningful guidance, citing insufficient data without offering a concrete next step.",Does not attempt to provide an estimate or partial analysis based on available data.; Fails to offer actionable next steps beyond requesting more data.; Lacks specific details or references to policies or calculations.
weather_01_a,langgraph,0,5,5,5,5,5,True,"The response thoroughly explains the higher usage in July 2019 with specific weather data and usage anomalies, offering clear next steps.",
weather_01_a,langgraph,1,5,5,5,4,4.75,True,The response provides a detailed explanation of July 2019's higher usage with specific weather data and consumption anomalies.,The response could provide clearer next steps for the customer to address or investigate the anomalies further.
weather_01_a,one_shot,0,5,3,2,2,3,False,The response provides generic advice but lacks specific details or actionable guidance related to the user's question.,"Does not provide specific weather data or account-related details for July 2019.; Fails to address the user's question with concrete specifics, relying instead on generalizations about July weather.; Offers vague next steps without clear actionable guidance."
weather_01_a,one_shot,1,5,2,2,3,3,False,The response provides generic advice but lacks specific details about the customer's usage or weather in July 2019.,Does not provide specific weather data or usage details for July 2019.; Fails to directly address whether weather explained the higher usage for CUST-1001.; Relies on generic statements about July being a hot month without concrete evidence.
weather_01_a,orchestrator,0,5,5,5,5,5,True,"The response thoroughly explains the higher usage in July 2019 with specific weather data, usage anomalies, and actionable next steps.",
weather_01_a,orchestrator,1,5,5,5,5,5,True,"The response provides a detailed analysis of July 2019's higher usage, citing specific weather data, anomalies, and actionable next steps.",
weather_01_a,rag,0,5,5,5,5,5,True,The response thoroughly analyzes July 2019 usage and provides specific data to refute higher usage claims.,
weather_01_a,rag,1,5,5,5,5,5,True,"The response thoroughly explains that July 2019 weather does not account for higher usage, citing specific usage and solar production details.",
weather_01_b,langgraph,0,5,5,5,5,5,True,"The response provides a detailed and consistent explanation of July 2019's weather and its impact on the customer's bill, with clear specifics and actionable insights.",
weather_01_b,langgraph,1,5,5,5,5,5,True,"The response provides a detailed and consistent explanation of July 2019's weather, its potential impact on the bill, and a breakdown of charges with actionable next steps.",
weather_01_b,one_shot,0,5,3,2,2,3,False,The response provides general information but lacks specific details about July 2019 or the customer's bill.,Does not provide specific weather data for July 2019 or the customer's location.; Fails to address the customer's bill with concrete details or analysis.; Suggests contacting the billing department without offering actionable next steps.
weather_01_b,one_shot,1,5,3,2,3,3.25,False,The response provides general information about July 2019 but lacks specific details about the customer's account or weather data.,Does not provide specific weather data for July 2019 or the customer's location.; Fails to address the customer's bill directly with concrete details.; Suggests contacting billing without offering actionable next steps tailored to the query.
weather_01_b,orchestrator,0,5,5,5,5,5,True,"The response provides specific details about July 2019's heat, the customer's bill breakdown, and actionable next steps.",
weather_01_b,orchestrator,1,5,5,5,5,5,True,The response thoroughly explains the impact of July 2019's heat on the customer's bill with specific details and actionable next steps.,
weather_01_b,rag,0,5,4,5,3,4.25,True,The response provides detailed billing and usage data but lacks specific weather information to fully address the question.,Does not provide specific weather data for July 2019 to directly address the heat question.
weather_01_b,rag,1,5,2,4,2,3.25,False,The response provides specific billing details but fails to address the temperature in July 2019 or directly connect it to the bill.,Does not address how hot July 2019 was.; Does not explicitly connect weather conditions to the bill explanation.; Lacks actionable guidance for the customer.
weather_01_c,langgraph,0,5,4,5,3,4.25,True,The response provides specific weather details and links them to potential power usage impacts but lacks clear next steps for deeper analysis.,Does not provide explicit guidance on how to request further analysis.
weather_01_c,langgraph,1,5,5,5,3,4.5,True,The response provides specific weather details for July 2019 and links them to potential increased power usage.,The response does not provide explicit next steps for the customer to verify or address their concern.
weather_01_c,one_shot,0,5,2,2,2,2.75,False,The response provides generic advice but fails to address the specific question with concrete details.,"Does not provide specific information about July 2019 weather or its impact on power use.; Fails to cite any concrete data, such as historical weather patterns or usage details.; Lacks actionable next steps beyond suggesting the customer check weather data themselves."
weather_01_c,one_shot,1,5,2,2,2,2.75,False,"The response is vague, lacks specific details, and does not directly address the user's question.",Does not provide specific information about July 2019 weather or power usage for CUST-1001.; Relies on generic advice about extreme weather without grounding in concrete data.; Fails to offer clear next steps beyond suggesting the user check historical weather data themselves.
weather_01_c,orchestrator,0,5,5,5,5,5,True,The response provides a detailed analysis of weather-related factors affecting July 2019 power use and offers actionable next steps.,
weather_01_c,orchestrator,1,5,5,5,5,5,True,The response thoroughly addresses the weather's impact on July 2019 power usage with specific details and actionable next steps.,
weather_01_c,rag,0,5,2,3,2,3,False,The response acknowledges the lack of weather data but fails to provide actionable steps or fully address the question.,Does not address whether unusual weather was a factor in July 2019 power use.; Fails to provide actionable next steps for the customer to obtain weather-related insights.
weather_01_c,rag,1,5,2,2,2,2.75,False,The response fails to address the user's question about unusual weather and provides no concrete details or actionable guidance.,Does not address whether unusual weather was a factor in July 2019 power use.; Lacks specific details or analysis related to weather or power usage.; Provides vague guidance to consult external sources without actionable steps.
weather_02,langgraph,0,5,5,5,3,4.5,True,The response provides detailed and consistent weather data for the specified area and time period.,
weather_02,langgraph,1,5,5,5,3,4.5,True,The response provides detailed and consistent weather data for the specified area and time period.,
weather_02,one_shot,0,5,2,1,3,2.75,False,The response is generic and does not provide specific temperature data for the customer's area or time frame.,Does not provide specific temperature data for July 2019 or the customer's area.; Relies on generic advice about July being warm without citing concrete details.; Suggests external resources but does not provide direct links or actionable steps to access them.
weather_02,one_shot,1,5,2,1,2,2.5,False,The response is generic and does not provide specific temperature data for the requested area and time.,Does not provide specific temperature data for July 2019 or the customer's area.; Offers generic advice without citing concrete details.; Fails to address the user's question directly.
weather_02,orchestrator,0,5,5,5,5,5,True,The response provides specific temperature details for July 2019 in the customer's area and offers actionable next steps.,
weather_02,orchestrator,1,5,5,5,5,5,True,The response provides specific temperature details for July 2019 in the customer's area and offers actionable next steps.,
weather_02,rag,0,5,2,2,2,2.75,False,The response fails to provide specific temperature information and offers limited actionable guidance.,Does not provide any specific temperature details for July 2019.; Fails to offer a concrete next step or resource for obtaining the requested information.
weather_02,rag,1,5,2,2,2,2.75,False,The response fails to provide specific temperature details and redirects the user to external sources.,Does not provide any specific temperature information for July 2019.; Fails to address the user's question directly and instead redirects to external sources.; Lacks grounded details or actionable guidance.
