task_id,system,run_idx,category,paraphrase_group,expected_agents,actual_agents,expected_sequence,actual_sequence,agent_precision,agent_recall,agent_f1,weighted_precision,weighted_recall,weighted_f1,sequence_accuracy,fact_coverage,task_success,judge_overall,judge_consistency,judge_completeness,judge_groundedness,judge_actionability,judge_task_success,numerical_accuracy,hallucination_rate,n_claims_scored,total_latency_ms,agent_exec_sum_ms,reasoning_overhead_ms,overhead_ratio,mapping_latency_ms,tokens,steps_completed,error,answer_chars
billing_01_a,langgraph,0,billing,high_bill_july_1001,billing_agent,billing_agent|anomaly_detection_agent|weather_context_agent|outage_detection_agent,billing_agent,billing_agent|anomaly_detection_agent|weather_context_agent|outage_detection_agent,0.25,1.0,0.4,0.526,1.0,0.69,1.0,1.0,1,5.0,5,5,5,5,True,0.636,0.364,11,39910,0,39910,1.0,0,5812,,,2000
billing_01_a,langgraph,1,billing,high_bill_july_1001,billing_agent,billing_agent|anomaly_detection_agent|weather_context_agent|outage_detection_agent,billing_agent,billing_agent|anomaly_detection_agent|weather_context_agent|outage_detection_agent,0.25,1.0,0.4,0.526,1.0,0.69,1.0,1.0,1,5.0,5,5,5,5,True,0.8,0.2,20,11415,0,11415,1.0,0,6013,,,2126
billing_01_b,langgraph,0,billing,high_bill_july_1001,billing_agent,anomaly_detection_agent|weather_context_agent|outage_detection_agent,billing_agent,anomaly_detection_agent|weather_context_agent|outage_detection_agent,0.0,0.0,0.0,0.0,0.0,0.0,0.0,0.25,0,5.0,5,5,5,5,True,1.0,0.0,2,5566,0,5566,1.0,0,5120,,,1205
billing_01_b,langgraph,1,billing,high_bill_july_1001,billing_agent,anomaly_detection_agent|weather_context_agent|outage_detection_agent,billing_agent,anomaly_detection_agent|weather_context_agent|outage_detection_agent,0.0,0.0,0.0,0.0,0.0,0.0,0.0,0.25,0,5.0,5,5,5,5,True,0.5,0.5,4,5599,0,5599,1.0,0,5155,,,1372
billing_01_c,langgraph,0,billing,high_bill_july_1001,billing_agent,billing_agent,billing_agent,billing_agent,1.0,1.0,1.0,1.0,1.0,1.0,1.0,1.0,1,5.0,5,5,5,5,True,0.889,0.111,18,7719,0,7719,1.0,0,4416,,,1508
billing_01_c,langgraph,1,billing,high_bill_july_1001,billing_agent,billing_agent,billing_agent,billing_agent,1.0,1.0,1.0,1.0,1.0,1.0,1.0,1.0,1,5.0,5,5,5,5,True,0.944,0.056,18,6884,0,6884,1.0,0,4224,,,1386
billing_02,langgraph,0,billing,line_items_1002,billing_agent,billing_agent,billing_agent,billing_agent,1.0,1.0,1.0,1.0,1.0,1.0,1.0,1.0,1,5.0,5,5,5,5,True,0.929,0.071,14,7823,0,7823,1.0,0,4299,,,1219
billing_02,langgraph,1,billing,line_items_1002,billing_agent,billing_agent,billing_agent,billing_agent,1.0,1.0,1.0,1.0,1.0,1.0,1.0,1.0,1,5.0,5,5,5,5,True,0.875,0.125,16,9935,0,9935,1.0,0,4255,,,1054
billing_03,langgraph,0,billing,dispute_1001,billing_agent,billing_agent,billing_agent,billing_agent,1.0,1.0,1.0,1.0,1.0,1.0,1.0,1.0,1,5.0,5,5,5,5,True,0.938,0.062,16,20677,0,20677,1.0,0,4269,,,1077
billing_03,langgraph,1,billing,dispute_1001,billing_agent,billing_agent,billing_agent,billing_agent,1.0,1.0,1.0,1.0,1.0,1.0,1.0,1.0,1,5.0,5,5,5,5,True,1.0,0.0,13,21410,0,21410,1.0,0,4105,,,1006
anomaly_01_a,langgraph,0,anomaly,spikes_1001_july,anomaly_detection_agent,anomaly_detection_agent,anomaly_detection_agent,anomaly_detection_agent,1.0,1.0,1.0,1.0,1.0,1.0,1.0,1.0,1,5.0,5,5,5,5,True,,,0,4709,0,4709,1.0,0,4325,,,1251
anomaly_01_a,langgraph,1,anomaly,spikes_1001_july,anomaly_detection_agent,anomaly_detection_agent,anomaly_detection_agent,anomaly_detection_agent,1.0,1.0,1.0,1.0,1.0,1.0,1.0,1.0,1,5.0,5,5,5,5,True,,,0,5434,0,5434,1.0,0,4286,,,1206
anomaly_01_b,langgraph,0,anomaly,spikes_1001_july,anomaly_detection_agent,anomaly_detection_agent,anomaly_detection_agent,anomaly_detection_agent,1.0,1.0,1.0,1.0,1.0,1.0,1.0,1.0,1,4.75,5,5,5,4,True,,,0,4909,0,4909,1.0,0,4275,,,1068
anomaly_01_b,langgraph,1,anomaly,spikes_1001_july,anomaly_detection_agent,anomaly_detection_agent,anomaly_detection_agent,anomaly_detection_agent,1.0,1.0,1.0,1.0,1.0,1.0,1.0,1.0,1,4.75,5,5,5,4,True,,,0,5836,0,5836,1.0,0,4314,,,1107
anomaly_01_c,langgraph,0,anomaly,spikes_1001_july,anomaly_detection_agent,anomaly_detection_agent,anomaly_detection_agent,anomaly_detection_agent,1.0,1.0,1.0,1.0,1.0,1.0,1.0,1.0,1,5.0,5,5,5,5,True,,,0,4485,0,4485,1.0,0,4257,,,981
anomaly_01_c,langgraph,1,anomaly,spikes_1001_july,anomaly_detection_agent,anomaly_detection_agent,anomaly_detection_agent,anomaly_detection_agent,1.0,1.0,1.0,1.0,1.0,1.0,1.0,1.0,1,5.0,5,5,5,5,True,,,0,4631,0,4631,1.0,0,4258,,,973
anomaly_02,langgraph,0,anomaly,anomaly_1002,anomaly_detection_agent,anomaly_detection_agent,anomaly_detection_agent,anomaly_detection_agent,1.0,1.0,1.0,1.0,1.0,1.0,1.0,1.0,1,4.75,5,5,5,4,True,,,0,6575,0,6575,1.0,0,4275,,,1102
anomaly_02,langgraph,1,anomaly,anomaly_1002,anomaly_detection_agent,anomaly_detection_agent,anomaly_detection_agent,anomaly_detection_agent,1.0,1.0,1.0,1.0,1.0,1.0,1.0,1.0,1,4.75,5,5,5,4,True,,,0,4681,0,4681,1.0,0,4238,,,1104
outage_01_a,langgraph,0,outage,outage_1002_july,outage_detection_agent,outage_detection_agent,outage_detection_agent,outage_detection_agent,1.0,1.0,1.0,1.0,1.0,1.0,1.0,1.0,1,4.75,5,5,5,4,True,1.0,0.0,1,3487,0,3487,1.0,0,3661,,,424
outage_01_a,langgraph,1,outage,outage_1002_july,outage_detection_agent,outage_detection_agent,outage_detection_agent,outage_detection_agent,1.0,1.0,1.0,1.0,1.0,1.0,1.0,1.0,1,5.0,5,5,5,5,True,1.0,0.0,2,2858,0,2858,1.0,0,3671,,,500
outage_01_b,langgraph,0,outage,outage_1002_july,outage_detection_agent,outage_detection_agent,outage_detection_agent,outage_detection_agent,1.0,1.0,1.0,1.0,1.0,1.0,1.0,1.0,1,5.0,5,5,5,5,True,1.0,0.0,2,3174,0,3174,1.0,0,3666,,,448
outage_01_b,langgraph,1,outage,outage_1002_july,outage_detection_agent,outage_detection_agent,outage_detection_agent,outage_detection_agent,1.0,1.0,1.0,1.0,1.0,1.0,1.0,1.0,1,5.0,5,5,5,5,True,1.0,0.0,1,2459,0,2459,1.0,0,3632,,,285
outage_01_c,langgraph,0,outage,outage_1002_july,outage_detection_agent,outage_detection_agent,outage_detection_agent,outage_detection_agent,1.0,1.0,1.0,1.0,1.0,1.0,1.0,1.0,1,5.0,5,5,5,5,True,1.0,0.0,1,2864,0,2864,1.0,0,3665,,,397
outage_01_c,langgraph,1,outage,outage_1002_july,outage_detection_agent,outage_detection_agent,outage_detection_agent,outage_detection_agent,1.0,1.0,1.0,1.0,1.0,1.0,1.0,1.0,1,5.0,5,5,5,5,True,1.0,0.0,2,3069,0,3069,1.0,0,3695,,,539
outage_02,langgraph,0,outage,outage_1001,outage_detection_agent,outage_detection_agent,outage_detection_agent,outage_detection_agent,1.0,1.0,1.0,1.0,1.0,1.0,1.0,1.0,1,4.75,5,5,5,4,True,0.75,0.25,4,2921,0,2921,1.0,0,3801,,,586
outage_02,langgraph,1,outage,outage_1001,outage_detection_agent,outage_detection_agent,outage_detection_agent,outage_detection_agent,1.0,1.0,1.0,1.0,1.0,1.0,1.0,1.0,1,5.0,5,5,5,5,True,1.0,0.0,3,2857,0,2857,1.0,0,3808,,,552
weather_01_a,langgraph,0,weather,weather_explains_1001,weather_context_agent,weather_context_agent|anomaly_detection_agent,weather_context_agent,weather_context_agent|anomaly_detection_agent,0.5,1.0,0.667,0.769,1.0,0.87,1.0,1.0,1,5.0,5,5,5,5,True,,,0,9376,0,9376,1.0,0,4643,,,1305
weather_01_a,langgraph,1,weather,weather_explains_1001,weather_context_agent,weather_context_agent|anomaly_detection_agent,weather_context_agent,weather_context_agent|anomaly_detection_agent,0.5,1.0,0.667,0.769,1.0,0.87,1.0,1.0,1,4.75,5,5,5,4,True,,,0,7219,0,7219,1.0,0,4650,,,1272
weather_01_b,langgraph,0,weather,weather_explains_1001,weather_context_agent,weather_context_agent|billing_agent,weather_context_agent,weather_context_agent|billing_agent,0.5,1.0,0.667,0.769,1.0,0.87,1.0,1.0,1,5.0,5,5,5,5,True,0.722,0.278,18,13531,0,13531,1.0,0,4627,,,1554
weather_01_b,langgraph,1,weather,weather_explains_1001,weather_context_agent,weather_context_agent|billing_agent,weather_context_agent,weather_context_agent|billing_agent,0.5,1.0,0.667,0.769,1.0,0.87,1.0,1.0,1,5.0,5,5,5,5,True,0.545,0.455,11,11093,0,11093,1.0,0,6503,,,886
weather_01_c,langgraph,0,weather,weather_explains_1001,weather_context_agent,weather_context_agent,weather_context_agent,weather_context_agent,1.0,1.0,1.0,1.0,1.0,1.0,1.0,1.0,1,4.25,5,4,5,3,True,,,0,4279,0,4279,1.0,0,3682,,,670
weather_01_c,langgraph,1,weather,weather_explains_1001,weather_context_agent,weather_context_agent,weather_context_agent,weather_context_agent,1.0,1.0,1.0,1.0,1.0,1.0,1.0,1.0,1,4.5,5,5,5,3,True,,,0,2862,0,2862,1.0,0,3622,,,333
weather_02,langgraph,0,weather,weather_1002,weather_context_agent,weather_context_agent,weather_context_agent,weather_context_agent,1.0,1.0,1.0,1.0,1.0,1.0,1.0,1.0,1,4.5,5,5,5,3,True,,,0,6271,0,6271,1.0,0,3741,,,689
weather_02,langgraph,1,weather,weather_1002,weather_context_agent,weather_context_agent,weather_context_agent,weather_context_agent,1.0,1.0,1.0,1.0,1.0,1.0,1.0,1.0,1,4.5,5,5,5,3,True,,,0,4606,0,4606,1.0,0,3671,,,480
solar_01_a,langgraph,0,solar,solar_underperf_1001,solar_performance_credit_loss_agent,solar_performance_credit_loss_agent,solar_performance_credit_loss_agent,solar_performance_credit_loss_agent,1.0,1.0,1.0,1.0,1.0,1.0,1.0,1.0,1,5.0,5,5,5,5,True,0.5,0.5,2,30252,0,30252,1.0,0,4308,,,603
solar_01_a,langgraph,1,solar,solar_underperf_1001,solar_performance_credit_loss_agent,solar_performance_credit_loss_agent|weather_context_agent,solar_performance_credit_loss_agent,solar_performance_credit_loss_agent|weather_context_agent,0.5,1.0,0.667,0.769,1.0,0.87,1.0,1.0,1,5.0,5,5,5,5,True,0.5,0.5,4,7430,0,7430,1.0,0,4842,,,1203
solar_01_b,langgraph,0,solar,solar_underperf_1001,solar_performance_credit_loss_agent,solar_performance_credit_loss_agent|weather_context_agent,solar_performance_credit_loss_agent,solar_performance_credit_loss_agent|weather_context_agent,0.5,1.0,0.667,0.769,1.0,0.87,1.0,1.0,1,4.75,5,5,5,4,True,0.5,0.5,2,5638,0,5638,1.0,0,4831,,,1104
solar_01_b,langgraph,1,solar,solar_underperf_1001,solar_performance_credit_loss_agent,solar_performance_credit_loss_agent,solar_performance_credit_loss_agent,solar_performance_credit_loss_agent,1.0,1.0,1.0,1.0,1.0,1.0,1.0,1.0,1,4.75,5,5,5,4,True,0.5,0.5,2,3781,0,3781,1.0,0,4333,,,714
solar_01_c,langgraph,0,solar,solar_underperf_1001,solar_performance_credit_loss_agent,solar_performance_credit_loss_agent,solar_performance_credit_loss_agent,solar_performance_credit_loss_agent,1.0,1.0,1.0,1.0,1.0,1.0,1.0,1.0,1,5.0,5,5,5,5,True,1.0,0.0,2,3889,0,3889,1.0,0,4338,,,714
solar_01_c,langgraph,1,solar,solar_underperf_1001,solar_performance_credit_loss_agent,solar_performance_credit_loss_agent,solar_performance_credit_loss_agent,solar_performance_credit_loss_agent,1.0,1.0,1.0,1.0,1.0,1.0,1.0,1.0,1,5.0,5,5,5,5,True,0.5,0.5,4,4719,0,4719,1.0,0,4370,,,887
solar_02,langgraph,0,solar,solar_1002,solar_performance_credit_loss_agent,solar_performance_credit_loss_agent,solar_performance_credit_loss_agent,solar_performance_credit_loss_agent,1.0,1.0,1.0,1.0,1.0,1.0,1.0,1.0,1,4.5,5,4,5,4,True,0.0,1.0,4,3626,0,3626,1.0,0,4308,,,582
solar_02,langgraph,1,solar,solar_1002,solar_performance_credit_loss_agent,solar_performance_credit_loss_agent,solar_performance_credit_loss_agent,solar_performance_credit_loss_agent,1.0,1.0,1.0,1.0,1.0,1.0,1.0,1.0,1,5.0,5,5,5,5,True,0.0,1.0,4,6807,0,6807,1.0,0,4307,,,608
payment_01_a,langgraph,0,payment_risk,hardship_1002,payment_risk_hardship_agent,payment_risk_hardship_agent,payment_risk_hardship_agent,payment_risk_hardship_agent,1.0,1.0,1.0,1.0,1.0,1.0,1.0,1.0,1,5.0,5,5,5,5,True,0.667,0.333,3,27237,0,27237,1.0,0,3989,,,1182
payment_01_a,langgraph,1,payment_risk,hardship_1002,payment_risk_hardship_agent,payment_risk_hardship_agent,payment_risk_hardship_agent,payment_risk_hardship_agent,1.0,1.0,1.0,1.0,1.0,1.0,1.0,1.0,1,5.0,5,5,5,5,True,0.667,0.333,3,4497,0,4497,1.0,0,3948,,,984
payment_01_b,langgraph,0,payment_risk,hardship_1002,payment_risk_hardship_agent,payment_risk_hardship_agent,payment_risk_hardship_agent,payment_risk_hardship_agent,1.0,1.0,1.0,1.0,1.0,1.0,1.0,1.0,1,5.0,5,5,5,5,True,0.667,0.333,3,4820,0,4820,1.0,0,3953,,,1030
payment_01_b,langgraph,1,payment_risk,hardship_1002,payment_risk_hardship_agent,payment_risk_hardship_agent,payment_risk_hardship_agent,payment_risk_hardship_agent,1.0,1.0,1.0,1.0,1.0,1.0,1.0,1.0,1,5.0,5,5,5,5,True,0.667,0.333,3,3906,0,3906,1.0,0,3979,,,1139
payment_01_c,langgraph,0,payment_risk,hardship_1002,payment_risk_hardship_agent,payment_risk_hardship_agent,payment_risk_hardship_agent,payment_risk_hardship_agent,1.0,1.0,1.0,1.0,1.0,1.0,1.0,1.0,1,5.0,5,5,5,5,True,0.667,0.333,3,4083,0,4083,1.0,0,3992,,,1129
payment_01_c,langgraph,1,payment_risk,hardship_1002,payment_risk_hardship_agent,payment_risk_hardship_agent,payment_risk_hardship_agent,payment_risk_hardship_agent,1.0,1.0,1.0,1.0,1.0,1.0,1.0,1.0,1,5.0,5,5,5,5,True,0.667,0.333,3,4502,0,4502,1.0,0,3988,,,1175
payment_02,langgraph,0,payment_risk,program_1002,program_enrollment_simulation_agent,billing_agent|program_enrollment_simulation_agent,program_enrollment_simulation_agent,billing_agent|program_enrollment_simulation_agent,0.5,1.0,0.667,0.769,1.0,0.87,1.0,0.5,1,5.0,5,5,5,5,True,1.0,0.0,14,30002,0,30002,1.0,0,7764,,,1494
payment_02,langgraph,1,payment_risk,program_1002,program_enrollment_simulation_agent,billing_agent|program_enrollment_simulation_agent,program_enrollment_simulation_agent,billing_agent|program_enrollment_simulation_agent,0.5,1.0,0.667,0.769,1.0,0.87,1.0,1.0,1,5.0,5,5,5,5,True,1.0,0.0,11,13023,0,13023,1.0,0,7498,,,1473
multihop_01,langgraph,0,billing,multihop_full_1001,billing_agent|anomaly_detection_agent|weather_context_agent|outage_detection_agent,anomaly_detection_agent|weather_context_agent|outage_detection_agent,customer_lookup_agent|billing_agent|anomaly_detection_agent|weather_context_agent|outage_detection_agent,anomaly_detection_agent|weather_context_agent|outage_detection_agent,1.0,0.75,0.857,1.0,0.474,0.643,0.6,0.8,1,5.0,5,5,5,5,True,1.0,0.0,2,11166,0,11166,1.0,0,5267,,,1748
multihop_01,langgraph,1,billing,multihop_full_1001,billing_agent|anomaly_detection_agent|weather_context_agent|outage_detection_agent,anomaly_detection_agent|weather_context_agent|outage_detection_agent,customer_lookup_agent|billing_agent|anomaly_detection_agent|weather_context_agent|outage_detection_agent,anomaly_detection_agent|weather_context_agent|outage_detection_agent,1.0,0.75,0.857,1.0,0.474,0.643,0.6,0.8,1,5.0,5,5,5,5,True,1.0,0.0,1,14205,0,14205,1.0,0,5288,,,1803
multihop_02,langgraph,0,outage,outage_credit_1002,outage_detection_agent|billing_agent,outage_detection_agent|billing_agent,outage_detection_agent|billing_agent,outage_detection_agent|billing_agent,1.0,1.0,1.0,1.0,1.0,1.0,1.0,0.667,1,5.0,5,5,5,5,True,,,0,6864,0,6864,1.0,0,6206,,,431
multihop_02,langgraph,1,outage,outage_credit_1002,outage_detection_agent|billing_agent,outage_detection_agent|billing_agent,outage_detection_agent|billing_agent,outage_detection_agent|billing_agent,1.0,1.0,1.0,1.0,1.0,1.0,1.0,0.667,1,5.0,5,5,5,5,True,1.0,0.0,1,7677,0,7677,1.0,0,6291,,,622
multihop_03,langgraph,0,weather,weather_anomaly_1001,anomaly_detection_agent|weather_context_agent,anomaly_detection_agent|weather_context_agent,anomaly_detection_agent|weather_context_agent,anomaly_detection_agent|weather_context_agent,1.0,1.0,1.0,1.0,1.0,1.0,1.0,1.0,1,4.25,5,4,5,3,True,,,0,5435,0,5435,1.0,0,4551,,,1009
multihop_03,langgraph,1,weather,weather_anomaly_1001,anomaly_detection_agent|weather_context_agent,anomaly_detection_agent|weather_context_agent,anomaly_detection_agent|weather_context_agent,anomaly_detection_agent|weather_context_agent,1.0,1.0,1.0,1.0,1.0,1.0,1.0,1.0,1,4.75,5,5,5,4,True,,,0,5172,0,5172,1.0,0,4515,,,741
multihop_04,langgraph,0,payment_risk,shock_risk_1002,bill_shock_forecast_agent|payment_risk_hardship_agent,bill_shock_forecast_agent|payment_risk_hardship_agent,bill_shock_forecast_agent|payment_risk_hardship_agent,bill_shock_forecast_agent|payment_risk_hardship_agent,1.0,1.0,1.0,1.0,1.0,1.0,1.0,0.5,1,5.0,5,5,5,5,True,0.8,0.2,5,29258,0,29258,1.0,0,6317,,,1030
multihop_04,langgraph,1,payment_risk,shock_risk_1002,bill_shock_forecast_agent|payment_risk_hardship_agent,bill_shock_forecast_agent|payment_risk_hardship_agent,bill_shock_forecast_agent|payment_risk_hardship_agent,bill_shock_forecast_agent|payment_risk_hardship_agent,1.0,1.0,1.0,1.0,1.0,1.0,1.0,0.5,1,5.0,5,5,5,5,True,0.8,0.2,5,7438,0,7438,1.0,0,6335,,,1027
multihop_05,langgraph,0,billing,lookup_billing_1001,customer_lookup_agent|billing_agent,billing_agent,customer_lookup_agent|billing_agent,billing_agent,1.0,0.5,0.667,1.0,0.5,0.667,0.5,1.0,1,5.0,5,5,5,5,True,1.0,0.0,12,10234,0,10234,1.0,0,4265,,,1081
multihop_05,langgraph,1,billing,lookup_billing_1001,customer_lookup_agent|billing_agent,billing_agent,customer_lookup_agent|billing_agent,billing_agent,1.0,0.5,0.667,1.0,0.5,0.667,0.5,1.0,1,5.0,5,5,5,5,True,0.933,0.067,15,7302,0,7302,1.0,0,4133,,,920
multihop_06,langgraph,0,payment_risk,outage_risk_1002,outage_detection_agent|bill_shock_forecast_agent|payment_risk_hardship_agent,outage_detection_agent|billing_agent|payment_risk_hardship_agent,outage_detection_agent|bill_shock_forecast_agent|payment_risk_hardship_agent,outage_detection_agent|billing_agent|payment_risk_hardship_agent,0.667,0.667,0.667,0.87,0.87,0.87,0.667,1.0,1,5.0,5,5,5,5,True,0.75,0.25,4,11425,0,11425,1.0,0,6976,,,1200
multihop_06,langgraph,1,payment_risk,outage_risk_1002,outage_detection_agent|bill_shock_forecast_agent|payment_risk_hardship_agent,outage_detection_agent|billing_agent|payment_risk_hardship_agent,outage_detection_agent|bill_shock_forecast_agent|payment_risk_hardship_agent,outage_detection_agent|billing_agent|payment_risk_hardship_agent,0.667,0.667,0.667,0.87,0.87,0.87,0.667,1.0,1,5.0,5,5,5,5,True,0.75,0.25,4,12509,0,12509,1.0,0,7002,,,1224
multihop_07,langgraph,0,solar,weather_solar_billing_1001,weather_context_agent|solar_performance_credit_loss_agent|billing_agent,weather_context_agent|solar_performance_credit_loss_agent,weather_context_agent|solar_performance_credit_loss_agent|billing_agent,weather_context_agent|solar_performance_credit_loss_agent,1.0,0.667,0.8,1.0,0.565,0.722,0.667,0.667,1,4.75,5,5,5,4,True,0.5,0.5,2,36050,0,36050,1.0,0,4516,,,728
multihop_07,langgraph,1,solar,weather_solar_billing_1001,weather_context_agent|solar_performance_credit_loss_agent|billing_agent,weather_context_agent|solar_performance_credit_loss_agent,weather_context_agent|solar_performance_credit_loss_agent|billing_agent,weather_context_agent|solar_performance_credit_loss_agent,1.0,0.667,0.8,1.0,0.565,0.722,0.667,1.0,1,5.0,5,5,5,5,True,1.0,0.0,2,5736,0,5736,1.0,0,4761,,,892
multihop_08,langgraph,0,anomaly,lookup_anomaly_program_1002,customer_lookup_agent|anomaly_detection_agent|program_enrollment_simulation_agent,customer_lookup_agent|anomaly_detection_agent|program_enrollment_simulation_agent,customer_lookup_agent|anomaly_detection_agent|program_enrollment_simulation_agent,customer_lookup_agent|anomaly_detection_agent|program_enrollment_simulation_agent,1.0,1.0,1.0,1.0,1.0,1.0,1.0,1.0,1,5.0,5,5,5,5,True,1.0,0.0,19,10332,0,10332,1.0,0,8492,,,1848
multihop_08,langgraph,1,anomaly,lookup_anomaly_program_1002,customer_lookup_agent|anomaly_detection_agent|program_enrollment_simulation_agent,customer_lookup_agent|anomaly_detection_agent|program_enrollment_simulation_agent,customer_lookup_agent|anomaly_detection_agent|program_enrollment_simulation_agent,customer_lookup_agent|anomaly_detection_agent|program_enrollment_simulation_agent,1.0,1.0,1.0,1.0,1.0,1.0,1.0,1.0,1,5.0,5,5,5,5,True,0.95,0.05,20,9319,0,9319,1.0,0,8407,,,1443
multihop_09,langgraph,0,payment_risk,forecast_program_risk_1002,bill_shock_forecast_agent|program_enrollment_simulation_agent|payment_risk_hardship_agent,bill_shock_forecast_agent|program_enrollment_simulation_agent|payment_risk_hardship_agent,bill_shock_forecast_agent|program_enrollment_simulation_agent|payment_risk_hardship_agent,bill_shock_forecast_agent|program_enrollment_simulation_agent|payment_risk_hardship_agent,1.0,1.0,1.0,1.0,1.0,1.0,1.0,1.0,1,5.0,5,5,5,5,True,0.87,0.13,23,10853,0,10853,1.0,0,10845,,,2398
multihop_09,langgraph,1,payment_risk,forecast_program_risk_1002,bill_shock_forecast_agent|program_enrollment_simulation_agent|payment_risk_hardship_agent,bill_shock_forecast_agent|program_enrollment_simulation_agent|payment_risk_hardship_agent,bill_shock_forecast_agent|program_enrollment_simulation_agent|payment_risk_hardship_agent,bill_shock_forecast_agent|program_enrollment_simulation_agent|payment_risk_hardship_agent,1.0,1.0,1.0,1.0,1.0,1.0,1.0,1.0,1,5.0,5,5,5,5,True,0.824,0.176,17,11781,0,11781,1.0,0,10797,,,1934
multihop_10,langgraph,0,billing,full_investigation_1001,anomaly_detection_agent|weather_context_agent|outage_detection_agent|billing_agent,anomaly_detection_agent|weather_context_agent|outage_detection_agent|billing_agent,anomaly_detection_agent|weather_context_agent|outage_detection_agent|billing_agent,anomaly_detection_agent|weather_context_agent|outage_detection_agent|billing_agent,1.0,1.0,1.0,1.0,1.0,1.0,1.0,1.0,1,5.0,5,5,5,5,True,0.786,0.214,28,10751,0,10751,1.0,0,6145,,,2379
multihop_10,langgraph,1,billing,full_investigation_1001,anomaly_detection_agent|weather_context_agent|outage_detection_agent|billing_agent,anomaly_detection_agent|weather_context_agent|outage_detection_agent|billing_agent,anomaly_detection_agent|weather_context_agent|outage_detection_agent|billing_agent,anomaly_detection_agent|weather_context_agent|outage_detection_agent|billing_agent,1.0,1.0,1.0,1.0,1.0,1.0,1.0,1.0,1,5.0,5,5,5,5,True,0.741,0.259,27,11565,0,11565,1.0,0,6282,,,2919
billing_01_a,orchestrator,0,billing,high_bill_july_1001,billing_agent,billing_agent|anomaly_detection_agent|weather_context_agent|outage_detection_agent,billing_agent,billing_agent|anomaly_detection_agent|weather_context_agent|outage_detection_agent,0.25,1.0,0.4,0.526,1.0,0.69,1.0,1.0,1,5.0,5,5,5,5,True,0.8,0.2,10,27576,5119,22457,0.814,0,0,4,,2706
billing_01_a,orchestrator,1,billing,high_bill_july_1001,billing_agent,billing_agent|anomaly_detection_agent|weather_context_agent|outage_detection_agent,billing_agent,billing_agent|anomaly_detection_agent|weather_context_agent|outage_detection_agent,0.25,1.0,0.4,0.526,1.0,0.69,1.0,1.0,1,5.0,5,5,5,5,True,0.824,0.176,17,24113,4227,19886,0.825,0,0,4,,2794
billing_01_b,orchestrator,0,billing,high_bill_july_1001,billing_agent,billing_agent|anomaly_detection_agent|weather_context_agent|outage_detection_agent,billing_agent,billing_agent|anomaly_detection_agent|weather_context_agent|outage_detection_agent,0.25,1.0,0.4,0.526,1.0,0.69,1.0,1.0,1,5.0,5,5,5,5,True,0.7,0.3,10,15697,4278,11419,0.727,0,0,4,,2354
billing_01_b,orchestrator,1,billing,high_bill_july_1001,billing_agent,billing_agent|anomaly_detection_agent|weather_context_agent|outage_detection_agent,billing_agent,billing_agent|anomaly_detection_agent|weather_context_agent|outage_detection_agent,0.25,1.0,0.4,0.526,1.0,0.69,1.0,1.0,1,5.0,5,5,5,5,True,0.7,0.3,10,24547,3103,21444,0.874,0,0,4,,2298
billing_01_c,orchestrator,0,billing,high_bill_july_1001,billing_agent,billing_agent,billing_agent,billing_agent,1.0,1.0,1.0,1.0,1.0,1.0,1.0,1.0,1,5.0,5,5,5,5,True,0.938,0.062,16,14512,2529,11983,0.826,0,0,1,,1915
billing_01_c,orchestrator,1,billing,high_bill_july_1001,billing_agent,billing_agent,billing_agent,billing_agent,1.0,1.0,1.0,1.0,1.0,1.0,1.0,1.0,1,5.0,5,5,5,5,True,0.941,0.059,17,11369,2849,8520,0.749,0,0,1,,2030
billing_02,orchestrator,0,billing,line_items_1002,billing_agent,billing_agent,billing_agent,billing_agent,1.0,1.0,1.0,1.0,1.0,1.0,1.0,1.0,1,5.0,5,5,5,5,True,0.789,0.211,19,10206,3210,6996,0.685,0,0,1,,1484
billing_02,orchestrator,1,billing,line_items_1002,billing_agent,billing_agent,billing_agent,billing_agent,1.0,1.0,1.0,1.0,1.0,1.0,1.0,1.0,1,5.0,5,5,5,5,True,0.917,0.083,12,12119,2518,9601,0.792,0,0,1,,1550
billing_03,orchestrator,0,billing,dispute_1001,billing_agent,billing_agent,billing_agent,billing_agent,1.0,1.0,1.0,1.0,1.0,1.0,1.0,1.0,1,5.0,5,5,5,5,True,1.0,0.0,15,11430,2451,8979,0.786,0,0,1,,1423
billing_03,orchestrator,1,billing,dispute_1001,billing_agent,billing_agent,billing_agent,billing_agent,1.0,1.0,1.0,1.0,1.0,1.0,1.0,1.0,1,5.0,5,5,5,5,True,1.0,0.0,14,16772,8639,8133,0.485,0,0,1,,1407
anomaly_01_a,orchestrator,0,anomaly,spikes_1001_july,anomaly_detection_agent,anomaly_detection_agent,anomaly_detection_agent,anomaly_detection_agent,1.0,1.0,1.0,1.0,1.0,1.0,1.0,1.0,1,5.0,5,5,5,5,True,,,0,18058,391,17667,0.978,0,0,1,,1756
anomaly_01_a,orchestrator,1,anomaly,spikes_1001_july,anomaly_detection_agent,anomaly_detection_agent,anomaly_detection_agent,anomaly_detection_agent,1.0,1.0,1.0,1.0,1.0,1.0,1.0,1.0,1,5.0,5,5,5,5,True,,,0,9952,341,9611,0.966,0,0,1,,1661
anomaly_01_b,orchestrator,0,anomaly,spikes_1001_july,anomaly_detection_agent,anomaly_detection_agent|weather_context_agent,anomaly_detection_agent,anomaly_detection_agent|weather_context_agent,0.5,1.0,0.667,0.769,1.0,0.87,1.0,0.667,1,5.0,5,5,5,5,True,,,0,14245,1108,13137,0.922,0,0,2,,1479
anomaly_01_b,orchestrator,1,anomaly,spikes_1001_july,anomaly_detection_agent,anomaly_detection_agent|weather_context_agent,anomaly_detection_agent,anomaly_detection_agent|weather_context_agent,0.5,1.0,0.667,0.769,1.0,0.87,1.0,1.0,1,5.0,5,5,5,5,True,,,0,12181,782,11399,0.936,0,0,2,,1511
anomaly_01_c,orchestrator,0,anomaly,spikes_1001_july,anomaly_detection_agent,anomaly_detection_agent,anomaly_detection_agent,anomaly_detection_agent,1.0,1.0,1.0,1.0,1.0,1.0,1.0,1.0,1,5.0,5,5,5,5,True,,,0,8257,319,7938,0.961,0,0,1,,1894
anomaly_01_c,orchestrator,1,anomaly,spikes_1001_july,anomaly_detection_agent,anomaly_detection_agent,anomaly_detection_agent,anomaly_detection_agent,1.0,1.0,1.0,1.0,1.0,1.0,1.0,1.0,1,5.0,5,5,5,5,True,,,0,8239,319,7920,0.961,0,0,1,,1899
anomaly_02,orchestrator,0,anomaly,anomaly_1002,anomaly_detection_agent,anomaly_detection_agent|weather_context_agent|customer_lookup_agent,anomaly_detection_agent,anomaly_detection_agent|weather_context_agent|customer_lookup_agent,0.333,1.0,0.5,0.625,1.0,0.769,1.0,1.0,1,5.0,5,5,5,5,True,0.143,0.857,7,37884,23804,14080,0.372,0,0,3,,2854
anomaly_02,orchestrator,1,anomaly,anomaly_1002,anomaly_detection_agent,anomaly_detection_agent|weather_context_agent|outage_detection_agent,anomaly_detection_agent,anomaly_detection_agent|weather_context_agent|outage_detection_agent,0.333,1.0,0.5,0.625,1.0,0.769,1.0,1.0,1,5.0,5,5,5,5,True,1.0,0.0,1,17046,1069,15977,0.937,0,0,3,,2469
outage_01_a,orchestrator,0,outage,outage_1002_july,outage_detection_agent,outage_detection_agent,outage_detection_agent,outage_detection_agent,1.0,1.0,1.0,1.0,1.0,1.0,1.0,1.0,1,5.0,5,5,5,5,True,1.0,0.0,2,10037,399,9638,0.96,0,0,1,,1174
outage_01_a,orchestrator,1,outage,outage_1002_july,outage_detection_agent,outage_detection_agent,outage_detection_agent,outage_detection_agent,1.0,1.0,1.0,1.0,1.0,1.0,1.0,1.0,1,5.0,5,5,5,5,True,1.0,0.0,2,9847,350,9497,0.964,0,0,1,,911
outage_01_b,orchestrator,0,outage,outage_1002_july,outage_detection_agent,outage_detection_agent,outage_detection_agent,outage_detection_agent,1.0,1.0,1.0,1.0,1.0,1.0,1.0,0.0,0,2.25,5,1,1,2,False,,,0,5296,408,4888,0.923,0,0,0,,158
outage_01_b,orchestrator,1,outage,outage_1002_july,outage_detection_agent,outage_detection_agent,outage_detection_agent,outage_detection_agent,1.0,1.0,1.0,1.0,1.0,1.0,1.0,0.0,0,2.25,5,1,1,2,False,,,0,4325,258,4067,0.94,0,0,0,,158
outage_01_c,orchestrator,0,outage,outage_1002_july,outage_detection_agent,outage_detection_agent,outage_detection_agent,outage_detection_agent,1.0,1.0,1.0,1.0,1.0,1.0,1.0,1.0,1,5.0,5,5,5,5,True,1.0,0.0,1,9190,269,8921,0.971,0,0,1,,754
outage_01_c,orchestrator,1,outage,outage_1002_july,outage_detection_agent,outage_detection_agent,outage_detection_agent,outage_detection_agent,1.0,1.0,1.0,1.0,1.0,1.0,1.0,1.0,1,5.0,5,5,5,5,True,1.0,0.0,1,12369,379,11990,0.969,0,0,1,,794
outage_02,orchestrator,0,outage,outage_1001,outage_detection_agent,outage_detection_agent,outage_detection_agent,outage_detection_agent,1.0,1.0,1.0,1.0,1.0,1.0,1.0,0.0,0,2.25,5,1,1,2,False,,,0,4922,259,4663,0.947,0,0,0,,158
outage_02,orchestrator,1,outage,outage_1001,outage_detection_agent,outage_detection_agent,outage_detection_agent,outage_detection_agent,1.0,1.0,1.0,1.0,1.0,1.0,1.0,0.0,0,2.25,5,1,1,2,False,,,0,5547,360,5187,0.935,0,0,0,,158
weather_01_a,orchestrator,0,weather,weather_explains_1001,weather_context_agent,anomaly_detection_agent|weather_context_agent,weather_context_agent,anomaly_detection_agent|weather_context_agent,0.5,1.0,0.667,0.769,1.0,0.87,1.0,1.0,1,5.0,5,5,5,5,True,,,0,18263,1205,17058,0.934,0,0,2,,2026
weather_01_a,orchestrator,1,weather,weather_explains_1001,weather_context_agent,anomaly_detection_agent|weather_context_agent,weather_context_agent,anomaly_detection_agent|weather_context_agent,0.5,1.0,0.667,0.769,1.0,0.87,1.0,1.0,1,5.0,5,5,5,5,True,,,0,39670,787,38883,0.98,0,0,2,,2337
weather_01_b,orchestrator,0,weather,weather_explains_1001,weather_context_agent,weather_context_agent|anomaly_detection_agent|billing_agent,weather_context_agent,weather_context_agent|anomaly_detection_agent|billing_agent,0.333,1.0,0.5,0.625,1.0,0.769,1.0,1.0,1,5.0,5,5,5,5,True,0.8,0.2,5,16457,3598,12859,0.781,0,0,3,,1503
weather_01_b,orchestrator,1,weather,weather_explains_1001,weather_context_agent,weather_context_agent|anomaly_detection_agent|billing_agent,weather_context_agent,weather_context_agent|anomaly_detection_agent|billing_agent,0.333,1.0,0.5,0.625,1.0,0.769,1.0,1.0,1,5.0,5,5,5,5,True,0.636,0.364,11,14822,3231,11591,0.782,0,0,3,,1779
weather_01_c,orchestrator,0,weather,weather_explains_1001,weather_context_agent,anomaly_detection_agent|weather_context_agent,weather_context_agent,anomaly_detection_agent|weather_context_agent,0.5,1.0,0.667,0.769,1.0,0.87,1.0,1.0,1,5.0,5,5,5,5,True,,,0,11784,718,11066,0.939,0,0,2,,2033
weather_01_c,orchestrator,1,weather,weather_explains_1001,weather_context_agent,anomaly_detection_agent|weather_context_agent,weather_context_agent,anomaly_detection_agent|weather_context_agent,0.5,1.0,0.667,0.769,1.0,0.87,1.0,1.0,1,5.0,5,5,5,5,True,,,0,15020,764,14256,0.949,0,0,2,,2000
weather_02,orchestrator,0,weather,weather_1002,weather_context_agent,customer_lookup_agent|weather_context_agent,weather_context_agent,customer_lookup_agent|weather_context_agent,0.5,1.0,0.667,0.769,1.0,0.87,1.0,1.0,1,5.0,5,5,5,5,True,,,0,12673,800,11873,0.937,0,0,2,,1063
weather_02,orchestrator,1,weather,weather_1002,weather_context_agent,customer_lookup_agent|weather_context_agent,weather_context_agent,customer_lookup_agent|weather_context_agent,0.5,1.0,0.667,0.769,1.0,0.87,1.0,1.0,1,5.0,5,5,5,5,True,,,0,12196,2825,9371,0.768,0,0,2,,1108
solar_01_a,orchestrator,0,solar,solar_underperf_1001,solar_performance_credit_loss_agent,solar_performance_credit_loss_agent|weather_context_agent,solar_performance_credit_loss_agent,solar_performance_credit_loss_agent|weather_context_agent,0.5,1.0,0.667,0.769,1.0,0.87,1.0,1.0,1,5.0,5,5,5,5,True,0.5,0.5,4,39561,26399,13162,0.333,0,0,2,,1564
solar_01_a,orchestrator,1,solar,solar_underperf_1001,solar_performance_credit_loss_agent,solar_performance_credit_loss_agent|weather_context_agent,solar_performance_credit_loss_agent,solar_performance_credit_loss_agent|weather_context_agent,0.5,1.0,0.667,0.769,1.0,0.87,1.0,1.0,1,5.0,5,5,5,5,True,0.5,0.5,2,10651,752,9899,0.929,0,0,2,,1835
solar_01_b,orchestrator,0,solar,solar_underperf_1001,solar_performance_credit_loss_agent,solar_performance_credit_loss_agent|weather_context_agent,solar_performance_credit_loss_agent,solar_performance_credit_loss_agent|weather_context_agent,0.5,1.0,0.667,0.769,1.0,0.87,1.0,1.0,1,4.5,5,4,5,4,True,1.0,0.0,2,9272,683,8589,0.926,0,0,2,,1646
solar_01_b,orchestrator,1,solar,solar_underperf_1001,solar_performance_credit_loss_agent,solar_performance_credit_loss_agent|weather_context_agent|billing_agent,solar_performance_credit_loss_agent,solar_performance_credit_loss_agent|weather_context_agent|billing_agent,0.333,1.0,0.5,0.625,1.0,0.769,1.0,1.0,1,5.0,5,5,5,5,True,1.0,0.0,3,16708,2531,14177,0.849,0,0,3,,2029
solar_01_c,orchestrator,0,solar,solar_underperf_1001,solar_performance_credit_loss_agent,solar_performance_credit_loss_agent,solar_performance_credit_loss_agent,solar_performance_credit_loss_agent,1.0,1.0,1.0,1.0,1.0,1.0,1.0,1.0,1,5.0,5,5,5,5,True,1.0,0.0,2,10060,390,9670,0.961,0,0,1,,913
solar_01_c,orchestrator,1,solar,solar_underperf_1001,solar_performance_credit_loss_agent,solar_performance_credit_loss_agent,solar_performance_credit_loss_agent,solar_performance_credit_loss_agent,1.0,1.0,1.0,1.0,1.0,1.0,1.0,1.0,1,5.0,5,5,5,5,True,0.5,0.5,2,6684,330,6354,0.951,0,0,1,,850
solar_02,orchestrator,0,solar,solar_1002,solar_performance_credit_loss_agent,solar_performance_credit_loss_agent,solar_performance_credit_loss_agent,solar_performance_credit_loss_agent,1.0,1.0,1.0,1.0,1.0,1.0,1.0,1.0,1,5.0,5,5,5,5,True,0.0,1.0,4,5973,399,5574,0.933,0,0,1,,992
solar_02,orchestrator,1,solar,solar_1002,solar_performance_credit_loss_agent,solar_performance_credit_loss_agent,solar_performance_credit_loss_agent,solar_performance_credit_loss_agent,1.0,1.0,1.0,1.0,1.0,1.0,1.0,1.0,1,5.0,5,5,5,5,True,0.0,1.0,5,7786,341,7445,0.956,0,0,1,,1249
payment_01_a,orchestrator,0,payment_risk,hardship_1002,payment_risk_hardship_agent,customer_lookup_agent|payment_risk_hardship_agent,payment_risk_hardship_agent,customer_lookup_agent|payment_risk_hardship_agent,0.5,1.0,0.667,0.769,1.0,0.87,1.0,1.0,1,5.0,5,5,5,5,True,0.75,0.25,4,34905,23707,11198,0.321,0,0,2,,1689
payment_01_a,orchestrator,1,payment_risk,hardship_1002,payment_risk_hardship_agent,customer_lookup_agent|payment_risk_hardship_agent,payment_risk_hardship_agent,customer_lookup_agent|payment_risk_hardship_agent,0.5,1.0,0.667,0.769,1.0,0.87,1.0,1.0,1,5.0,5,5,5,5,True,0.5,0.5,2,15913,522,15391,0.967,0,0,2,,2019
payment_01_b,orchestrator,0,payment_risk,hardship_1002,payment_risk_hardship_agent,customer_lookup_agent|payment_risk_hardship_agent,payment_risk_hardship_agent,customer_lookup_agent|payment_risk_hardship_agent,0.5,1.0,0.667,0.769,1.0,0.87,1.0,1.0,1,5.0,5,5,5,5,True,0.75,0.25,4,14844,516,14328,0.965,0,0,2,,2064
payment_01_b,orchestrator,1,payment_risk,hardship_1002,payment_risk_hardship_agent,customer_lookup_agent|payment_risk_hardship_agent,payment_risk_hardship_agent,customer_lookup_agent|payment_risk_hardship_agent,0.5,1.0,0.667,0.769,1.0,0.87,1.0,1.0,1,5.0,5,5,5,5,True,0.75,0.25,4,11851,685,11166,0.942,0,0,2,,2194
payment_01_c,orchestrator,0,payment_risk,hardship_1002,payment_risk_hardship_agent,customer_lookup_agent|payment_risk_hardship_agent,payment_risk_hardship_agent,customer_lookup_agent|payment_risk_hardship_agent,0.5,1.0,0.667,0.769,1.0,0.87,1.0,1.0,1,5.0,5,5,5,5,True,0.75,0.25,4,12918,512,12406,0.96,0,0,2,,2038
payment_01_c,orchestrator,1,payment_risk,hardship_1002,payment_risk_hardship_agent,customer_lookup_agent|payment_risk_hardship_agent,payment_risk_hardship_agent,customer_lookup_agent|payment_risk_hardship_agent,0.5,1.0,0.667,0.769,1.0,0.87,1.0,1.0,1,5.0,5,5,5,5,True,0.75,0.25,4,13814,738,13076,0.947,0,0,2,,2250
payment_02,orchestrator,0,payment_risk,program_1002,program_enrollment_simulation_agent,customer_lookup_agent|program_enrollment_simulation_agent,program_enrollment_simulation_agent,customer_lookup_agent|program_enrollment_simulation_agent,0.5,1.0,0.667,0.769,1.0,0.87,1.0,1.0,1,5.0,5,5,5,5,True,1.0,0.0,11,35761,23970,11791,0.33,0,0,2,,2003
payment_02,orchestrator,1,payment_risk,program_1002,program_enrollment_simulation_agent,customer_lookup_agent|program_enrollment_simulation_agent,program_enrollment_simulation_agent,customer_lookup_agent|program_enrollment_simulation_agent,0.5,1.0,0.667,0.769,1.0,0.87,1.0,1.0,1,5.0,5,5,5,5,True,1.0,0.0,13,13251,640,12611,0.952,0,0,2,,2252
multihop_01,orchestrator,0,billing,multihop_full_1001,billing_agent|anomaly_detection_agent|weather_context_agent|outage_detection_agent,billing_agent|anomaly_detection_agent|weather_context_agent|outage_detection_agent,customer_lookup_agent|billing_agent|anomaly_detection_agent|weather_context_agent|outage_detection_agent,billing_agent|anomaly_detection_agent|weather_context_agent|outage_detection_agent,1.0,1.0,1.0,1.0,1.0,1.0,0.8,1.0,1,5.0,5,5,5,5,True,0.842,0.158,19,75340,52426,22914,0.304,0,0,4,,2785
multihop_01,orchestrator,1,billing,multihop_full_1001,billing_agent|anomaly_detection_agent|weather_context_agent|outage_detection_agent,billing_agent|anomaly_detection_agent|weather_context_agent|outage_detection_agent,customer_lookup_agent|billing_agent|anomaly_detection_agent|weather_context_agent|outage_detection_agent,billing_agent|anomaly_detection_agent|weather_context_agent|outage_detection_agent,1.0,1.0,1.0,1.0,1.0,1.0,0.8,1.0,1,5.0,5,5,5,5,True,0.636,0.364,11,24251,3737,20514,0.846,0,0,4,,2625
multihop_02,orchestrator,0,outage,outage_credit_1002,outage_detection_agent|billing_agent,outage_detection_agent|billing_agent,outage_detection_agent|billing_agent,outage_detection_agent|billing_agent,1.0,1.0,1.0,1.0,1.0,1.0,1.0,1.0,1,5.0,5,5,5,5,True,1.0,0.0,3,12758,2508,10250,0.803,0,0,2,,1224
multihop_02,orchestrator,1,outage,outage_credit_1002,outage_detection_agent|billing_agent,outage_detection_agent|billing_agent,outage_detection_agent|billing_agent,outage_detection_agent|billing_agent,1.0,1.0,1.0,1.0,1.0,1.0,1.0,1.0,1,5.0,5,5,5,5,True,1.0,0.0,4,13687,1678,12009,0.877,0,0,2,,1112
multihop_03,orchestrator,0,weather,weather_anomaly_1001,anomaly_detection_agent|weather_context_agent,anomaly_detection_agent|weather_context_agent,anomaly_detection_agent|weather_context_agent,anomaly_detection_agent|weather_context_agent,1.0,1.0,1.0,1.0,1.0,1.0,1.0,1.0,1,5.0,5,5,5,5,True,,,0,11980,870,11110,0.927,0,0,2,,2131
multihop_03,orchestrator,1,weather,weather_anomaly_1001,anomaly_detection_agent|weather_context_agent,anomaly_detection_agent|weather_context_agent,anomaly_detection_agent|weather_context_agent,anomaly_detection_agent|weather_context_agent,1.0,1.0,1.0,1.0,1.0,1.0,1.0,1.0,1,5.0,5,5,5,5,True,,,0,10845,670,10175,0.938,0,0,2,,1938
multihop_04,orchestrator,0,payment_risk,shock_risk_1002,bill_shock_forecast_agent|payment_risk_hardship_agent,bill_shock_forecast_agent|payment_risk_hardship_agent,bill_shock_forecast_agent|payment_risk_hardship_agent,bill_shock_forecast_agent|payment_risk_hardship_agent,1.0,1.0,1.0,1.0,1.0,1.0,1.0,0.5,1,5.0,5,5,5,5,True,0.8,0.2,5,28209,18910,9299,0.33,0,0,2,,1376
multihop_04,orchestrator,1,payment_risk,shock_risk_1002,bill_shock_forecast_agent|payment_risk_hardship_agent,bill_shock_forecast_agent|payment_risk_hardship_agent,bill_shock_forecast_agent|payment_risk_hardship_agent,bill_shock_forecast_agent|payment_risk_hardship_agent,1.0,1.0,1.0,1.0,1.0,1.0,1.0,1.0,1,5.0,5,5,5,5,True,0.833,0.167,6,9907,569,9338,0.943,0,0,2,,1574
multihop_05,orchestrator,0,billing,lookup_billing_1001,customer_lookup_agent|billing_agent,billing_agent,customer_lookup_agent|billing_agent,billing_agent,1.0,0.5,0.667,1.0,0.5,0.667,0.5,1.0,1,5.0,5,5,5,5,True,0.895,0.105,19,10416,2219,8197,0.787,0,0,1,,1637
multihop_05,orchestrator,1,billing,lookup_billing_1001,customer_lookup_agent|billing_agent,billing_agent,customer_lookup_agent|billing_agent,billing_agent,1.0,0.5,0.667,1.0,0.5,0.667,0.5,1.0,1,5.0,5,5,5,5,True,0.938,0.062,16,10787,2866,7921,0.734,0,0,1,,1769
multihop_06,orchestrator,0,payment_risk,outage_risk_1002,outage_detection_agent|bill_shock_forecast_agent|payment_risk_hardship_agent,outage_detection_agent|billing_agent|payment_risk_hardship_agent,outage_detection_agent|bill_shock_forecast_agent|payment_risk_hardship_agent,outage_detection_agent|billing_agent|payment_risk_hardship_agent,0.667,0.667,0.667,0.87,0.87,0.87,0.667,1.0,1,5.0,5,5,5,5,True,0.7,0.3,10,14338,2800,11538,0.805,0,0,3,,2353
multihop_06,orchestrator,1,payment_risk,outage_risk_1002,outage_detection_agent|bill_shock_forecast_agent|payment_risk_hardship_agent,outage_detection_agent|payment_risk_hardship_agent|billing_agent,outage_detection_agent|bill_shock_forecast_agent|payment_risk_hardship_agent,outage_detection_agent|payment_risk_hardship_agent|billing_agent,0.667,0.667,0.667,0.87,0.87,0.87,0.667,1.0,1,5.0,5,5,5,5,True,0.75,0.25,8,14684,3053,11631,0.792,0,0,3,,1871
multihop_07,orchestrator,0,solar,weather_solar_billing_1001,weather_context_agent|solar_performance_credit_loss_agent|billing_agent,solar_performance_credit_loss_agent|weather_context_agent|billing_agent,weather_context_agent|solar_performance_credit_loss_agent|billing_agent,solar_performance_credit_loss_agent|weather_context_agent|billing_agent,1.0,1.0,1.0,1.0,1.0,1.0,0.667,1.0,1,5.0,5,5,5,5,True,0.7,0.3,10,44524,29249,15275,0.343,0,0,3,,2508
multihop_07,orchestrator,1,solar,weather_solar_billing_1001,weather_context_agent|solar_performance_credit_loss_agent|billing_agent,solar_performance_credit_loss_agent|weather_context_agent|billing_agent,weather_context_agent|solar_performance_credit_loss_agent|billing_agent,solar_performance_credit_loss_agent|weather_context_agent|billing_agent,1.0,1.0,1.0,1.0,1.0,1.0,0.667,1.0,1,5.0,5,5,5,5,True,0.615,0.385,13,17688,3878,13810,0.781,0,0,3,,2314
multihop_08,orchestrator,0,anomaly,lookup_anomaly_program_1002,customer_lookup_agent|anomaly_detection_agent|program_enrollment_simulation_agent,customer_lookup_agent|anomaly_detection_agent|billing_agent|program_enrollment_simulation_agent,customer_lookup_agent|anomaly_detection_agent|program_enrollment_simulation_agent,customer_lookup_agent|anomaly_detection_agent|billing_agent|program_enrollment_simulation_agent,0.75,1.0,0.857,0.909,1.0,0.952,1.0,1.0,1,5.0,5,5,5,5,True,0.762,0.238,21,65279,47115,18164,0.278,0,0,4,,3088
multihop_08,orchestrator,1,anomaly,lookup_anomaly_program_1002,customer_lookup_agent|anomaly_detection_agent|program_enrollment_simulation_agent,customer_lookup_agent|anomaly_detection_agent|program_enrollment_simulation_agent,customer_lookup_agent|anomaly_detection_agent|program_enrollment_simulation_agent,customer_lookup_agent|anomaly_detection_agent|program_enrollment_simulation_agent,1.0,1.0,1.0,1.0,1.0,1.0,1.0,1.0,1,5.0,5,5,5,5,True,1.0,0.0,14,14452,964,13488,0.933,0,0,3,,2140
multihop_09,orchestrator,0,payment_risk,forecast_program_risk_1002,bill_shock_forecast_agent|program_enrollment_simulation_agent|payment_risk_hardship_agent,bill_shock_forecast_agent|program_enrollment_simulation_agent|payment_risk_hardship_agent,bill_shock_forecast_agent|program_enrollment_simulation_agent|payment_risk_hardship_agent,bill_shock_forecast_agent|program_enrollment_simulation_agent|payment_risk_hardship_agent,1.0,1.0,1.0,1.0,1.0,1.0,1.0,0.667,1,5.0,5,5,5,5,True,0.889,0.111,18,20036,1082,18954,0.946,0,0,3,,2807
multihop_09,orchestrator,1,payment_risk,forecast_program_risk_1002,bill_shock_forecast_agent|program_enrollment_simulation_agent|payment_risk_hardship_agent,bill_shock_forecast_agent|program_enrollment_simulation_agent|payment_risk_hardship_agent,bill_shock_forecast_agent|program_enrollment_simulation_agent|payment_risk_hardship_agent,bill_shock_forecast_agent|program_enrollment_simulation_agent|payment_risk_hardship_agent,1.0,1.0,1.0,1.0,1.0,1.0,1.0,0.667,0,5.0,5,5,5,5,True,0.882,0.118,17,20615,1093,19522,0.947,0,0,3,,3130
multihop_10,orchestrator,0,billing,full_investigation_1001,anomaly_detection_agent|weather_context_agent|outage_detection_agent|billing_agent,customer_lookup_agent|anomaly_detection_agent|weather_context_agent|outage_detection_agent|billing_agent,anomaly_detection_agent|weather_context_agent|outage_detection_agent|billing_agent,customer_lookup_agent|anomaly_detection_agent|weather_context_agent|outage_detection_agent|billing_agent,0.8,1.0,0.889,0.864,1.0,0.927,1.0,1.0,1,5.0,5,5,5,5,True,0.818,0.182,22,18242,5346,12896,0.707,0,0,5,,2590
multihop_10,orchestrator,1,billing,full_investigation_1001,anomaly_detection_agent|weather_context_agent|outage_detection_agent|billing_agent,customer_lookup_agent|anomaly_detection_agent|weather_context_agent|outage_detection_agent|billing_agent,anomaly_detection_agent|weather_context_agent|outage_detection_agent|billing_agent,customer_lookup_agent|anomaly_detection_agent|weather_context_agent|outage_detection_agent|billing_agent,0.8,1.0,0.889,0.864,1.0,0.927,1.0,1.0,1,5.0,5,5,5,5,True,0.75,0.25,24,22058,4461,17597,0.798,0,0,5,,3003
billing_01_a,rag,0,billing,high_bill_july_1001,billing_agent,,billing_agent,,0.0,0.0,0.0,0.0,0.0,0.0,0.0,1.0,1,5.0,5,5,5,5,True,0.857,0.143,21,8150,0,8150,1.0,0,2898,,,1215
billing_01_a,rag,1,billing,high_bill_july_1001,billing_agent,,billing_agent,,0.0,0.0,0.0,0.0,0.0,0.0,0.0,1.0,1,5.0,5,5,5,5,True,0.842,0.158,19,4246,0,4246,1.0,0,2880,,,1186
billing_01_b,rag,0,billing,high_bill_july_1001,billing_agent,,billing_agent,,0.0,0.0,0.0,0.0,0.0,0.0,0.0,1.0,1,5.0,5,5,5,5,True,0.857,0.143,14,6635,0,6635,1.0,0,3087,,,909
billing_01_b,rag,1,billing,high_bill_july_1001,billing_agent,,billing_agent,,0.0,0.0,0.0,0.0,0.0,0.0,0.0,1.0,1,5.0,5,5,5,5,True,0.933,0.067,15,6943,0,6943,1.0,0,3094,,,999
billing_01_c,rag,0,billing,high_bill_july_1001,billing_agent,,billing_agent,,0.0,0.0,0.0,0.0,0.0,0.0,0.0,1.0,1,5.0,5,5,5,5,True,0.842,0.158,19,4692,0,4692,1.0,0,2895,,,1111
billing_01_c,rag,1,billing,high_bill_july_1001,billing_agent,,billing_agent,,0.0,0.0,0.0,0.0,0.0,0.0,0.0,1.0,1,5.0,5,5,5,5,True,0.842,0.158,19,4148,0,4148,1.0,0,2878,,,1043
billing_02,rag,0,billing,line_items_1002,billing_agent,,billing_agent,,0.0,0.0,0.0,0.0,0.0,0.0,0.0,0.25,0,2.0,5,1,1,1,False,,,0,2783,0,2783,1.0,0,2297,,,339
billing_02,rag,1,billing,line_items_1002,billing_agent,,billing_agent,,0.0,0.0,0.0,0.0,0.0,0.0,0.0,0.25,0,2.0,5,1,1,1,False,,,0,2538,0,2538,1.0,0,2303,,,365
billing_03,rag,0,billing,dispute_1001,billing_agent,,billing_agent,,0.0,0.0,0.0,0.0,0.0,0.0,0.0,1.0,1,5.0,5,5,5,5,True,1.0,0.0,2,3044,0,3044,1.0,0,2595,,,350
billing_03,rag,1,billing,dispute_1001,billing_agent,,billing_agent,,0.0,0.0,0.0,0.0,0.0,0.0,0.0,1.0,1,5.0,5,5,5,5,True,1.0,0.0,2,3130,0,3130,1.0,0,2603,,,399
anomaly_01_a,rag,0,anomaly,spikes_1001_july,anomaly_detection_agent,,anomaly_detection_agent,,0.0,0.0,0.0,0.0,0.0,0.0,0.0,1.0,1,5.0,5,5,5,5,True,0.833,0.167,6,2581,0,2581,1.0,0,2462,,,533
anomaly_01_a,rag,1,anomaly,spikes_1001_july,anomaly_detection_agent,,anomaly_detection_agent,,0.0,0.0,0.0,0.0,0.0,0.0,0.0,1.0,1,5.0,5,5,5,5,True,0.857,0.143,7,2701,0,2701,1.0,0,2470,,,497
anomaly_01_b,rag,0,anomaly,spikes_1001_july,anomaly_detection_agent,,anomaly_detection_agent,,0.0,0.0,0.0,0.0,0.0,0.0,0.0,0.667,1,4.75,5,5,5,4,True,0.0,1.0,2,2891,0,2891,1.0,0,588,,,425
anomaly_01_b,rag,1,anomaly,spikes_1001_july,anomaly_detection_agent,,anomaly_detection_agent,,0.0,0.0,0.0,0.0,0.0,0.0,0.0,0.667,1,5.0,5,5,5,5,True,0.0,1.0,6,6740,0,6740,1.0,0,665,,,634
anomaly_01_c,rag,0,anomaly,spikes_1001_july,anomaly_detection_agent,,anomaly_detection_agent,,0.0,0.0,0.0,0.0,0.0,0.0,0.0,0.667,1,5.0,5,5,5,5,True,0.0,1.0,8,3464,0,3464,1.0,0,693,,,670
anomaly_01_c,rag,1,anomaly,spikes_1001_july,anomaly_detection_agent,,anomaly_detection_agent,,0.0,0.0,0.0,0.0,0.0,0.0,0.0,0.667,1,5.0,5,5,5,5,True,0.0,1.0,4,3218,0,3218,1.0,0,592,,,376
anomaly_02,rag,0,anomaly,anomaly_1002,anomaly_detection_agent,,anomaly_detection_agent,,0.0,0.0,0.0,0.0,0.0,0.0,0.0,0.5,1,3.25,5,2,4,2,False,0.25,0.75,4,2727,0,2727,1.0,0,1104,,,822
anomaly_02,rag,1,anomaly,anomaly_1002,anomaly_detection_agent,,anomaly_detection_agent,,0.0,0.0,0.0,0.0,0.0,0.0,0.0,0.5,1,3.5,5,3,4,2,False,0.5,0.5,4,3228,0,3228,1.0,0,1137,,,996
outage_01_a,rag,0,outage,outage_1002_july,outage_detection_agent,,outage_detection_agent,,0.0,0.0,0.0,0.0,0.0,0.0,0.0,1.0,1,5.0,5,5,5,5,True,1.0,0.0,1,2631,0,2631,1.0,0,955,,,280
outage_01_a,rag,1,outage,outage_1002_july,outage_detection_agent,,outage_detection_agent,,0.0,0.0,0.0,0.0,0.0,0.0,0.0,1.0,1,5.0,5,5,5,5,True,1.0,0.0,1,2755,0,2755,1.0,0,995,,,403
outage_01_b,rag,0,outage,outage_1002_july,outage_detection_agent,,outage_detection_agent,,0.0,0.0,0.0,0.0,0.0,0.0,0.0,0.667,1,3.75,5,3,4,3,False,0.0,1.0,2,3242,0,3242,1.0,0,668,,,547
outage_01_b,rag,1,outage,outage_1002_july,outage_detection_agent,,outage_detection_agent,,0.0,0.0,0.0,0.0,0.0,0.0,0.0,0.667,1,4.25,5,4,5,3,True,0.0,1.0,2,2359,0,2359,1.0,0,634,,,376
outage_01_c,rag,0,outage,outage_1002_july,outage_detection_agent,,outage_detection_agent,,0.0,0.0,0.0,0.0,0.0,0.0,0.0,0.333,0,2.5,5,2,1,2,False,,,0,2058,0,2058,1.0,0,951,,,345
outage_01_c,rag,1,outage,outage_1002_july,outage_detection_agent,,outage_detection_agent,,0.0,0.0,0.0,0.0,0.0,0.0,0.0,0.333,0,2.75,5,2,2,2,False,,,0,3022,0,3022,1.0,0,953,,,332
outage_02,rag,0,outage,outage_1001,outage_detection_agent,,outage_detection_agent,,0.0,0.0,0.0,0.0,0.0,0.0,0.0,1.0,1,5.0,5,5,5,5,True,1.0,0.0,2,3257,0,3257,1.0,0,1054,,,499
outage_02,rag,1,outage,outage_1001,outage_detection_agent,,outage_detection_agent,,0.0,0.0,0.0,0.0,0.0,0.0,0.0,1.0,1,5.0,5,5,5,5,True,1.0,0.0,2,2745,0,2745,1.0,0,1040,,,480
weather_01_a,rag,0,weather,weather_explains_1001,weather_context_agent,,weather_context_agent,,0.0,0.0,0.0,0.0,0.0,0.0,0.0,0.333,0,5.0,5,5,5,5,True,0.545,0.455,11,3504,0,3504,1.0,0,2262,,,851
weather_01_a,rag,1,weather,weather_explains_1001,weather_context_agent,,weather_context_agent,,0.0,0.0,0.0,0.0,0.0,0.0,0.0,0.333,0,5.0,5,5,5,5,True,0.75,0.25,8,3644,0,3644,1.0,0,2263,,,902
weather_01_b,rag,0,weather,weather_explains_1001,weather_context_agent,,weather_context_agent,,0.0,0.0,0.0,0.0,0.0,0.0,0.0,0.667,1,4.25,5,4,5,3,True,0.917,0.083,12,6218,0,6218,1.0,0,2576,,,901
weather_01_b,rag,1,weather,weather_explains_1001,weather_context_agent,,weather_context_agent,,0.0,0.0,0.0,0.0,0.0,0.0,0.0,0.333,0,3.25,5,2,4,2,False,0.875,0.125,8,4380,0,4380,1.0,0,2510,,,675
weather_01_c,rag,0,weather,weather_explains_1001,weather_context_agent,,weather_context_agent,,0.0,0.0,0.0,0.0,0.0,0.0,0.0,0.333,0,3.0,5,2,3,2,False,,,0,1808,0,1808,1.0,0,561,,,347
weather_01_c,rag,1,weather,weather_explains_1001,weather_context_agent,,weather_context_agent,,0.0,0.0,0.0,0.0,0.0,0.0,0.0,0.333,0,2.75,5,2,2,2,False,,,0,2046,0,2046,1.0,0,571,,,391
weather_02,rag,0,weather,weather_1002,weather_context_agent,,weather_context_agent,,0.0,0.0,0.0,0.0,0.0,0.0,0.0,1.0,1,2.75,5,2,2,2,False,,,0,2645,0,2645,1.0,0,572,,,277
weather_02,rag,1,weather,weather_1002,weather_context_agent,,weather_context_agent,,0.0,0.0,0.0,0.0,0.0,0.0,0.0,1.0,1,2.75,5,2,2,2,False,,,0,2130,0,2130,1.0,0,572,,,272
solar_01_a,rag,0,solar,solar_underperf_1001,solar_performance_credit_loss_agent,,solar_performance_credit_loss_agent,,0.0,0.0,0.0,0.0,0.0,0.0,0.0,1.0,1,4.75,5,5,5,4,True,0.0,1.0,8,2373,0,2373,1.0,0,707,,,728
solar_01_a,rag,1,solar,solar_underperf_1001,solar_performance_credit_loss_agent,,solar_performance_credit_loss_agent,,0.0,0.0,0.0,0.0,0.0,0.0,0.0,1.0,1,4.5,5,4,5,4,True,0.0,1.0,6,3430,0,3430,1.0,0,679,,,618
solar_01_b,rag,0,solar,solar_underperf_1001,solar_performance_credit_loss_agent,,solar_performance_credit_loss_agent,,0.0,0.0,0.0,0.0,0.0,0.0,0.0,1.0,1,3.75,5,3,5,2,False,1.0,0.0,8,2935,0,2935,1.0,0,2705,,,658
solar_01_b,rag,1,solar,solar_underperf_1001,solar_performance_credit_loss_agent,,solar_performance_credit_loss_agent,,0.0,0.0,0.0,0.0,0.0,0.0,0.0,1.0,1,3.75,5,3,5,2,False,1.0,0.0,4,4268,0,4268,1.0,0,2650,,,453
solar_01_c,rag,0,solar,solar_underperf_1001,solar_performance_credit_loss_agent,,solar_performance_credit_loss_agent,,0.0,0.0,0.0,0.0,0.0,0.0,0.0,1.0,1,4.25,5,4,5,3,True,0.0,1.0,5,3495,0,3495,1.0,0,637,,,429
solar_01_c,rag,1,solar,solar_underperf_1001,solar_performance_credit_loss_agent,,solar_performance_credit_loss_agent,,0.0,0.0,0.0,0.0,0.0,0.0,0.0,1.0,1,5.0,5,5,5,5,True,0.0,1.0,5,4800,0,4800,1.0,0,643,,,443
solar_02,rag,0,solar,solar_1002,solar_performance_credit_loss_agent,,solar_performance_credit_loss_agent,,0.0,0.0,0.0,0.0,0.0,0.0,0.0,1.0,1,2.75,5,2,2,2,False,,,0,4904,0,4904,1.0,0,1795,,,520
solar_02,rag,1,solar,solar_1002,solar_performance_credit_loss_agent,,solar_performance_credit_loss_agent,,0.0,0.0,0.0,0.0,0.0,0.0,0.0,1.0,1,2.75,5,2,2,2,False,,,0,3259,0,3259,1.0,0,1801,,,505
payment_01_a,rag,0,payment_risk,hardship_1002,payment_risk_hardship_agent,,payment_risk_hardship_agent,,0.0,0.0,0.0,0.0,0.0,0.0,0.0,1.0,1,5.0,5,5,5,5,True,0.0,1.0,1,2132,0,2132,1.0,0,2576,,,451
payment_01_a,rag,1,payment_risk,hardship_1002,payment_risk_hardship_agent,,payment_risk_hardship_agent,,0.0,0.0,0.0,0.0,0.0,0.0,0.0,1.0,1,5.0,5,5,5,5,True,0.0,1.0,1,1928,0,1928,1.0,0,2561,,,382
payment_01_b,rag,0,payment_risk,hardship_1002,payment_risk_hardship_agent,,payment_risk_hardship_agent,,0.0,0.0,0.0,0.0,0.0,0.0,0.0,1.0,1,5.0,5,5,5,5,True,0.333,0.667,3,3155,0,3155,1.0,0,2407,,,983
payment_01_b,rag,1,payment_risk,hardship_1002,payment_risk_hardship_agent,,payment_risk_hardship_agent,,0.0,0.0,0.0,0.0,0.0,0.0,0.0,1.0,1,4.5,5,4,5,4,True,0.5,0.5,2,2906,0,2906,1.0,0,2383,,,957
payment_01_c,rag,0,payment_risk,hardship_1002,payment_risk_hardship_agent,,payment_risk_hardship_agent,,0.0,0.0,0.0,0.0,0.0,0.0,0.0,1.0,1,4.75,5,5,5,4,True,0.444,0.556,9,3924,0,3924,1.0,0,2527,,,1044
payment_01_c,rag,1,payment_risk,hardship_1002,payment_risk_hardship_agent,,payment_risk_hardship_agent,,0.0,0.0,0.0,0.0,0.0,0.0,0.0,1.0,1,4.75,5,5,5,4,True,0.0,1.0,1,4348,0,4348,1.0,0,2426,,,758
payment_02,rag,0,payment_risk,program_1002,program_enrollment_simulation_agent,,program_enrollment_simulation_agent,,0.0,0.0,0.0,0.0,0.0,0.0,0.0,1.0,1,3.25,5,3,3,2,False,1.0,0.0,2,3594,0,3594,1.0,0,2421,,,433
payment_02,rag,1,payment_risk,program_1002,program_enrollment_simulation_agent,,program_enrollment_simulation_agent,,0.0,0.0,0.0,0.0,0.0,0.0,0.0,1.0,1,2.25,5,2,1,1,False,,,0,1733,0,1733,1.0,0,2394,,,314
multihop_01,rag,0,billing,multihop_full_1001,billing_agent|anomaly_detection_agent|weather_context_agent|outage_detection_agent,,customer_lookup_agent|billing_agent|anomaly_detection_agent|weather_context_agent|outage_detection_agent,,0.0,0.0,0.0,0.0,0.0,0.0,0.0,0.8,1,4.5,5,4,5,4,True,0.905,0.095,21,9778,0,9778,1.0,0,2795,,,1668
multihop_01,rag,1,billing,multihop_full_1001,billing_agent|anomaly_detection_agent|weather_context_agent|outage_detection_agent,,customer_lookup_agent|billing_agent|anomaly_detection_agent|weather_context_agent|outage_detection_agent,,0.0,0.0,0.0,0.0,0.0,0.0,0.0,0.8,1,5.0,5,5,5,5,True,0.952,0.048,21,8510,0,8510,1.0,0,2870,,,1940
multihop_02,rag,0,outage,outage_credit_1002,outage_detection_agent|billing_agent,,outage_detection_agent|billing_agent,,0.0,0.0,0.0,0.0,0.0,0.0,0.0,1.0,1,4.25,5,4,5,3,True,1.0,0.0,1,3365,0,3365,1.0,0,1119,,,613
multihop_02,rag,1,outage,outage_credit_1002,outage_detection_agent|billing_agent,,outage_detection_agent|billing_agent,,0.0,0.0,0.0,0.0,0.0,0.0,0.0,1.0,1,4.25,5,4,5,3,False,1.0,0.0,1,2766,0,2766,1.0,0,1102,,,512
multihop_03,rag,0,weather,weather_anomaly_1001,anomaly_detection_agent|weather_context_agent,,anomaly_detection_agent|weather_context_agent,,0.0,0.0,0.0,0.0,0.0,0.0,0.0,0.667,1,3.5,5,3,4,2,False,0.0,1.0,2,2853,0,2853,1.0,0,1291,,,648
multihop_03,rag,1,weather,weather_anomaly_1001,anomaly_detection_agent|weather_context_agent,,anomaly_detection_agent|weather_context_agent,,0.0,0.0,0.0,0.0,0.0,0.0,0.0,0.667,1,3.75,5,3,4,3,False,0.0,1.0,2,3914,0,3914,1.0,0,1302,,,681
multihop_04,rag,0,payment_risk,shock_risk_1002,bill_shock_forecast_agent|payment_risk_hardship_agent,,bill_shock_forecast_agent|payment_risk_hardship_agent,,0.0,0.0,0.0,0.0,0.0,0.0,0.0,0.5,1,5.0,5,5,5,5,True,0.714,0.286,7,5626,0,5626,1.0,0,2427,,,1040
multihop_04,rag,1,payment_risk,shock_risk_1002,bill_shock_forecast_agent|payment_risk_hardship_agent,,bill_shock_forecast_agent|payment_risk_hardship_agent,,0.0,0.0,0.0,0.0,0.0,0.0,0.0,0.5,1,4.25,5,4,4,4,True,0.667,0.333,6,4199,0,4199,1.0,0,2429,,,1097
multihop_05,rag,0,billing,lookup_billing_1001,customer_lookup_agent|billing_agent,,customer_lookup_agent|billing_agent,,0.0,0.0,0.0,0.0,0.0,0.0,0.0,1.0,1,5.0,5,5,5,5,True,0.833,0.167,18,3048,0,3048,1.0,0,2859,,,958
multihop_05,rag,1,billing,lookup_billing_1001,customer_lookup_agent|billing_agent,,customer_lookup_agent|billing_agent,,0.0,0.0,0.0,0.0,0.0,0.0,0.0,1.0,1,5.0,5,5,5,5,True,0.833,0.167,18,2969,0,2969,1.0,0,2859,,,958
multihop_06,rag,0,payment_risk,outage_risk_1002,outage_detection_agent|bill_shock_forecast_agent|payment_risk_hardship_agent,,outage_detection_agent|bill_shock_forecast_agent|payment_risk_hardship_agent,,0.0,0.0,0.0,0.0,0.0,0.0,0.0,1.0,1,4.75,5,5,5,4,True,0.333,0.667,3,4970,0,4970,1.0,0,1101,,,899
multihop_06,rag,1,payment_risk,outage_risk_1002,outage_detection_agent|bill_shock_forecast_agent|payment_risk_hardship_agent,,outage_detection_agent|bill_shock_forecast_agent|payment_risk_hardship_agent,,0.0,0.0,0.0,0.0,0.0,0.0,0.0,1.0,1,4.75,5,5,5,4,True,0.667,0.333,3,3764,0,3764,1.0,0,1077,,,879
multihop_07,rag,0,solar,weather_solar_billing_1001,weather_context_agent|solar_performance_credit_loss_agent|billing_agent,,weather_context_agent|solar_performance_credit_loss_agent|billing_agent,,0.0,0.0,0.0,0.0,0.0,0.0,0.0,0.667,1,5.0,5,5,5,5,True,1.0,0.0,10,4292,0,4292,1.0,0,2897,,,862
multihop_07,rag,1,solar,weather_solar_billing_1001,weather_context_agent|solar_performance_credit_loss_agent|billing_agent,,weather_context_agent|solar_performance_credit_loss_agent|billing_agent,,0.0,0.0,0.0,0.0,0.0,0.0,0.0,0.667,1,5.0,5,5,5,5,True,0.6,0.4,10,3772,0,3772,1.0,0,2902,,,837
multihop_08,rag,0,anomaly,lookup_anomaly_program_1002,customer_lookup_agent|anomaly_detection_agent|program_enrollment_simulation_agent,,customer_lookup_agent|anomaly_detection_agent|program_enrollment_simulation_agent,,0.0,0.0,0.0,0.0,0.0,0.0,0.0,1.0,1,2.5,5,2,2,1,False,,,0,1858,0,1858,1.0,0,2137,,,340
multihop_08,rag,1,anomaly,lookup_anomaly_program_1002,customer_lookup_agent|anomaly_detection_agent|program_enrollment_simulation_agent,,customer_lookup_agent|anomaly_detection_agent|program_enrollment_simulation_agent,,0.0,0.0,0.0,0.0,0.0,0.0,0.0,1.0,1,2.25,5,2,1,1,False,,,0,2271,0,2271,1.0,0,2142,,,353
multihop_09,rag,0,payment_risk,forecast_program_risk_1002,bill_shock_forecast_agent|program_enrollment_simulation_agent|payment_risk_hardship_agent,,bill_shock_forecast_agent|program_enrollment_simulation_agent|payment_risk_hardship_agent,,0.0,0.0,0.0,0.0,0.0,0.0,0.0,1.0,1,5.0,5,5,5,5,True,0.5,0.5,10,14427,0,14427,1.0,0,2572,,,1534
multihop_09,rag,1,payment_risk,forecast_program_risk_1002,bill_shock_forecast_agent|program_enrollment_simulation_agent|payment_risk_hardship_agent,,bill_shock_forecast_agent|program_enrollment_simulation_agent|payment_risk_hardship_agent,,0.0,0.0,0.0,0.0,0.0,0.0,0.0,1.0,1,5.0,5,5,5,5,True,0.545,0.455,11,10215,0,10215,1.0,0,2520,,,1382
multihop_10,rag,0,billing,full_investigation_1001,anomaly_detection_agent|weather_context_agent|outage_detection_agent|billing_agent,,anomaly_detection_agent|weather_context_agent|outage_detection_agent|billing_agent,,0.0,0.0,0.0,0.0,0.0,0.0,0.0,0.6,1,5.0,5,5,5,5,True,0.92,0.08,25,11406,0,11406,1.0,0,3461,,,2213
multihop_10,rag,1,billing,full_investigation_1001,anomaly_detection_agent|weather_context_agent|outage_detection_agent|billing_agent,,anomaly_detection_agent|weather_context_agent|outage_detection_agent|billing_agent,,0.0,0.0,0.0,0.0,0.0,0.0,0.0,0.6,1,5.0,5,5,5,5,True,0.923,0.077,26,9845,0,9845,1.0,0,3454,,,2146
billing_01_a,one_shot,0,billing,high_bill_july_1001,billing_agent,,billing_agent,,0.0,0.0,0.0,0.0,0.0,0.0,0.0,0.25,0,3.25,5,3,2,3,False,,,0,3391,0,3391,1.0,0,400,,,1192
billing_01_a,one_shot,1,billing,high_bill_july_1001,billing_agent,,billing_agent,,0.0,0.0,0.0,0.0,0.0,0.0,0.0,0.25,0,3.25,5,3,2,3,False,,,0,2793,0,2793,1.0,0,382,,,1137
billing_01_b,one_shot,0,billing,high_bill_july_1001,billing_agent,,billing_agent,,0.0,0.0,0.0,0.0,0.0,0.0,0.0,0.25,0,3.25,5,3,2,3,False,,,0,2805,0,2805,1.0,0,396,,,1195
billing_01_b,one_shot,1,billing,high_bill_july_1001,billing_agent,,billing_agent,,0.0,0.0,0.0,0.0,0.0,0.0,0.0,0.25,0,3.25,5,3,2,3,False,,,0,2801,0,2801,1.0,0,363,,,1082
billing_01_c,one_shot,0,billing,high_bill_july_1001,billing_agent,,billing_agent,,0.0,0.0,0.0,0.0,0.0,0.0,0.0,0.25,0,3.0,5,2,2,3,False,,,0,3152,0,3152,1.0,0,440,,,1356
billing_01_c,one_shot,1,billing,high_bill_july_1001,billing_agent,,billing_agent,,0.0,0.0,0.0,0.0,0.0,0.0,0.0,0.25,0,3.0,5,2,2,3,False,,,0,3566,0,3566,1.0,0,439,,,1367
billing_02,one_shot,0,billing,line_items_1002,billing_agent,,billing_agent,,0.0,0.0,0.0,0.0,0.0,0.0,0.0,0.75,1,2.5,5,2,1,2,False,,,0,3523,0,3523,1.0,0,443,,,1406
billing_02,one_shot,1,billing,line_items_1002,billing_agent,,billing_agent,,0.0,0.0,0.0,0.0,0.0,0.0,0.0,0.75,1,2.75,5,2,2,2,False,,,0,4221,0,4221,1.0,0,356,,,972
billing_03,one_shot,0,billing,dispute_1001,billing_agent,,billing_agent,,0.0,0.0,0.0,0.0,0.0,0.0,0.0,0.667,1,3.0,5,2,2,3,False,,,0,2239,0,2239,1.0,0,272,,,594
billing_03,one_shot,1,billing,dispute_1001,billing_agent,,billing_agent,,0.0,0.0,0.0,0.0,0.0,0.0,0.0,0.667,1,3.0,5,2,2,3,False,,,0,2191,0,2191,1.0,0,292,,,667
anomaly_01_a,one_shot,0,anomaly,spikes_1001_july,anomaly_detection_agent,,anomaly_detection_agent,,0.0,0.0,0.0,0.0,0.0,0.0,0.0,0.667,1,3.0,5,2,2,3,False,,,0,2481,0,2481,1.0,0,257,,,541
anomaly_01_a,one_shot,1,anomaly,spikes_1001_july,anomaly_detection_agent,,anomaly_detection_agent,,0.0,0.0,0.0,0.0,0.0,0.0,0.0,0.667,1,3.0,5,2,2,3,False,,,0,2944,0,2944,1.0,0,336,,,914
anomaly_01_b,one_shot,0,anomaly,spikes_1001_july,anomaly_detection_agent,,anomaly_detection_agent,,0.0,0.0,0.0,0.0,0.0,0.0,0.0,0.333,0,3.0,5,2,2,3,False,,,0,3153,0,3153,1.0,0,370,,,1025
anomaly_01_b,one_shot,1,anomaly,spikes_1001_july,anomaly_detection_agent,,anomaly_detection_agent,,0.0,0.0,0.0,0.0,0.0,0.0,0.0,0.0,0,3.0,5,2,2,3,False,,,0,2853,0,2853,1.0,0,303,,,759
anomaly_01_c,one_shot,0,anomaly,spikes_1001_july,anomaly_detection_agent,,anomaly_detection_agent,,0.0,0.0,0.0,0.0,0.0,0.0,0.0,0.667,1,3.0,5,2,2,3,False,,,0,2438,0,2438,1.0,0,298,,,733
anomaly_01_c,one_shot,1,anomaly,spikes_1001_july,anomaly_detection_agent,,anomaly_detection_agent,,0.0,0.0,0.0,0.0,0.0,0.0,0.0,0.667,1,3.0,5,2,2,3,False,,,0,3468,0,3468,1.0,0,358,,,1031
anomaly_02,one_shot,0,anomaly,anomaly_1002,anomaly_detection_agent,,anomaly_detection_agent,,0.0,0.0,0.0,0.0,0.0,0.0,0.0,1.0,1,2.75,5,2,2,2,False,,,0,3359,0,3359,1.0,0,413,,,1269
anomaly_02,one_shot,1,anomaly,anomaly_1002,anomaly_detection_agent,,anomaly_detection_agent,,0.0,0.0,0.0,0.0,0.0,0.0,0.0,0.5,1,3.0,5,2,2,3,False,,,0,3361,0,3361,1.0,0,383,,,1106
outage_01_a,one_shot,0,outage,outage_1002_july,outage_detection_agent,,outage_detection_agent,,0.0,0.0,0.0,0.0,0.0,0.0,0.0,0.667,1,3.0,5,2,2,3,False,,,0,2347,0,2347,1.0,0,249,,,523
outage_01_a,one_shot,1,outage,outage_1002_july,outage_detection_agent,,outage_detection_agent,,0.0,0.0,0.0,0.0,0.0,0.0,0.0,0.667,1,3.0,5,2,2,3,False,,,0,2020,0,2020,1.0,0,270,,,599
outage_01_b,one_shot,0,outage,outage_1002_july,outage_detection_agent,,outage_detection_agent,,0.0,0.0,0.0,0.0,0.0,0.0,0.0,0.667,1,3.0,5,2,2,3,False,,,0,2032,0,2032,1.0,0,259,,,539
outage_01_b,one_shot,1,outage,outage_1002_july,outage_detection_agent,,outage_detection_agent,,0.0,0.0,0.0,0.0,0.0,0.0,0.0,0.667,1,3.0,5,2,2,3,False,,,0,2848,0,2848,1.0,0,257,,,521
outage_01_c,one_shot,0,outage,outage_1002_july,outage_detection_agent,,outage_detection_agent,,0.0,0.0,0.0,0.0,0.0,0.0,0.0,0.667,1,3.0,5,2,2,3,False,,,0,2133,0,2133,1.0,0,257,,,562
outage_01_c,one_shot,1,outage,outage_1002_july,outage_detection_agent,,outage_detection_agent,,0.0,0.0,0.0,0.0,0.0,0.0,0.0,0.667,1,3.0,5,2,2,3,False,,,0,2132,0,2132,1.0,0,248,,,471
outage_02,one_shot,0,outage,outage_1001,outage_detection_agent,,outage_detection_agent,,0.0,0.0,0.0,0.0,0.0,0.0,0.0,1.0,1,3.0,5,2,2,3,False,,,0,2133,0,2133,1.0,0,253,,,537
outage_02,one_shot,1,outage,outage_1001,outage_detection_agent,,outage_detection_agent,,0.0,0.0,0.0,0.0,0.0,0.0,0.0,1.0,1,3.0,5,2,2,3,False,,,0,2327,0,2327,1.0,0,262,,,552
weather_01_a,one_shot,0,weather,weather_explains_1001,weather_context_agent,,weather_context_agent,,0.0,0.0,0.0,0.0,0.0,0.0,0.0,1.0,1,3.0,5,3,2,2,False,,,0,2347,0,2347,1.0,0,290,,,735
weather_01_a,one_shot,1,weather,weather_explains_1001,weather_context_agent,,weather_context_agent,,0.0,0.0,0.0,0.0,0.0,0.0,0.0,1.0,1,3.0,5,2,2,3,False,,,0,2338,0,2338,1.0,0,284,,,684
weather_01_b,one_shot,0,weather,weather_explains_1001,weather_context_agent,,weather_context_agent,,0.0,0.0,0.0,0.0,0.0,0.0,0.0,1.0,1,3.0,5,3,2,2,False,,,0,2544,0,2544,1.0,0,295,,,750
weather_01_b,one_shot,1,weather,weather_explains_1001,weather_context_agent,,weather_context_agent,,0.0,0.0,0.0,0.0,0.0,0.0,0.0,1.0,1,3.25,5,3,2,3,False,,,0,2745,0,2745,1.0,0,315,,,868
weather_01_c,one_shot,0,weather,weather_explains_1001,weather_context_agent,,weather_context_agent,,0.0,0.0,0.0,0.0,0.0,0.0,0.0,0.333,0,2.75,5,2,2,2,False,,,0,2343,0,2343,1.0,0,293,,,749
weather_01_c,one_shot,1,weather,weather_explains_1001,weather_context_agent,,weather_context_agent,,0.0,0.0,0.0,0.0,0.0,0.0,0.0,0.667,1,2.75,5,2,2,2,False,,,0,2481,0,2481,1.0,0,289,,,658
weather_02,one_shot,0,weather,weather_1002,weather_context_agent,,weather_context_agent,,0.0,0.0,0.0,0.0,0.0,0.0,0.0,0.5,1,2.75,5,2,1,3,False,,,0,1979,0,1979,1.0,0,233,,,390
weather_02,one_shot,1,weather,weather_1002,weather_context_agent,,weather_context_agent,,0.0,0.0,0.0,0.0,0.0,0.0,0.0,1.0,1,2.5,5,2,1,2,False,,,0,1960,0,1960,1.0,0,253,,,488
solar_01_a,one_shot,0,solar,solar_underperf_1001,solar_performance_credit_loss_agent,,solar_performance_credit_loss_agent,,0.0,0.0,0.0,0.0,0.0,0.0,0.0,1.0,1,3.0,5,2,2,3,False,,,0,2538,0,2538,1.0,0,268,,,633
solar_01_a,one_shot,1,solar,solar_underperf_1001,solar_performance_credit_loss_agent,,solar_performance_credit_loss_agent,,0.0,0.0,0.0,0.0,0.0,0.0,0.0,1.0,1,3.0,5,2,2,3,False,,,0,2604,0,2604,1.0,0,280,,,680
solar_01_b,one_shot,0,solar,solar_underperf_1001,solar_performance_credit_loss_agent,,solar_performance_credit_loss_agent,,0.0,0.0,0.0,0.0,0.0,0.0,0.0,1.0,1,3.0,5,2,2,3,False,,,0,3911,0,3911,1.0,0,279,,,630
solar_01_b,one_shot,1,solar,solar_underperf_1001,solar_performance_credit_loss_agent,,solar_performance_credit_loss_agent,,0.0,0.0,0.0,0.0,0.0,0.0,0.0,1.0,1,3.25,5,3,2,3,False,,,0,2756,0,2756,1.0,0,306,,,826
solar_01_c,one_shot,0,solar,solar_underperf_1001,solar_performance_credit_loss_agent,,solar_performance_credit_loss_agent,,0.0,0.0,0.0,0.0,0.0,0.0,0.0,1.0,1,3.25,5,3,2,3,False,,,0,3142,0,3142,1.0,0,368,,,1083
solar_01_c,one_shot,1,solar,solar_underperf_1001,solar_performance_credit_loss_agent,,solar_performance_credit_loss_agent,,0.0,0.0,0.0,0.0,0.0,0.0,0.0,1.0,1,3.25,5,3,2,3,False,,,0,2726,0,2726,1.0,0,299,,,778
solar_02,one_shot,0,solar,solar_1002,solar_performance_credit_loss_agent,,solar_performance_credit_loss_agent,,0.0,0.0,0.0,0.0,0.0,0.0,0.0,1.0,1,3.0,5,2,2,3,False,,,0,4012,0,4012,1.0,0,332,,,960
solar_02,one_shot,1,solar,solar_1002,solar_performance_credit_loss_agent,,solar_performance_credit_loss_agent,,0.0,0.0,0.0,0.0,0.0,0.0,0.0,1.0,1,2.75,5,2,2,2,False,,,0,6044,0,6044,1.0,0,445,,,1459
payment_01_a,one_shot,0,payment_risk,hardship_1002,payment_risk_hardship_agent,,payment_risk_hardship_agent,,0.0,0.0,0.0,0.0,0.0,0.0,0.0,0.5,0,3.0,5,2,2,3,False,,,0,3549,0,3549,1.0,0,232,,,472
payment_01_a,one_shot,1,payment_risk,hardship_1002,payment_risk_hardship_agent,,payment_risk_hardship_agent,,0.0,0.0,0.0,0.0,0.0,0.0,0.0,1.0,1,3.0,5,2,2,3,False,,,0,2225,0,2225,1.0,0,246,,,494
payment_01_b,one_shot,0,payment_risk,hardship_1002,payment_risk_hardship_agent,,payment_risk_hardship_agent,,0.0,0.0,0.0,0.0,0.0,0.0,0.0,1.0,1,3.5,5,3,2,4,False,,,0,2849,0,2849,1.0,0,276,,,716
payment_01_b,one_shot,1,payment_risk,hardship_1002,payment_risk_hardship_agent,,payment_risk_hardship_agent,,0.0,0.0,0.0,0.0,0.0,0.0,0.0,0.5,1,3.0,5,2,2,3,False,,,0,3777,0,3777,1.0,0,303,,,837
payment_01_c,one_shot,0,payment_risk,hardship_1002,payment_risk_hardship_agent,,payment_risk_hardship_agent,,0.0,0.0,0.0,0.0,0.0,0.0,0.0,0.5,1,3.0,5,2,2,3,False,,,0,2137,0,2137,1.0,0,253,,,573
payment_01_c,one_shot,1,payment_risk,hardship_1002,payment_risk_hardship_agent,,payment_risk_hardship_agent,,0.0,0.0,0.0,0.0,0.0,0.0,0.0,1.0,1,3.5,5,3,2,4,False,,,0,3254,0,3254,1.0,0,317,,,784
payment_02,one_shot,0,payment_risk,program_1002,program_enrollment_simulation_agent,,program_enrollment_simulation_agent,,0.0,0.0,0.0,0.0,0.0,0.0,0.0,1.0,1,3.5,5,3,2,4,False,,,0,3154,0,3154,1.0,0,327,,,901
payment_02,one_shot,1,payment_risk,program_1002,program_enrollment_simulation_agent,,program_enrollment_simulation_agent,,0.0,0.0,0.0,0.0,0.0,0.0,0.0,1.0,1,3.25,5,3,2,3,False,,,0,3872,0,3872,1.0,0,374,,,1111
multihop_01,one_shot,0,billing,multihop_full_1001,billing_agent|anomaly_detection_agent|weather_context_agent|outage_detection_agent,,customer_lookup_agent|billing_agent|anomaly_detection_agent|weather_context_agent|outage_detection_agent,,0.0,0.0,0.0,0.0,0.0,0.0,0.0,0.8,1,3.25,5,3,2,3,False,,,0,4496,0,4496,1.0,0,455,,,1526
multihop_01,one_shot,1,billing,multihop_full_1001,billing_agent|anomaly_detection_agent|weather_context_agent|outage_detection_agent,,customer_lookup_agent|billing_agent|anomaly_detection_agent|weather_context_agent|outage_detection_agent,,0.0,0.0,0.0,0.0,0.0,0.0,0.0,0.6,1,3.0,5,3,2,2,False,,,0,6834,0,6834,1.0,0,549,,,1952
multihop_02,one_shot,0,outage,outage_credit_1002,outage_detection_agent|billing_agent,,outage_detection_agent|billing_agent,,0.0,0.0,0.0,0.0,0.0,0.0,0.0,1.0,1,3.0,5,2,2,3,False,,,0,2952,0,2952,1.0,0,293,,,647
multihop_02,one_shot,1,outage,outage_credit_1002,outage_detection_agent|billing_agent,,outage_detection_agent|billing_agent,,0.0,0.0,0.0,0.0,0.0,0.0,0.0,1.0,1,3.0,5,2,2,3,False,,,0,1939,0,1939,1.0,0,287,,,622
multihop_03,one_shot,0,weather,weather_anomaly_1001,anomaly_detection_agent|weather_context_agent,,anomaly_detection_agent|weather_context_agent,,0.0,0.0,0.0,0.0,0.0,0.0,0.0,1.0,1,3.25,5,3,2,3,False,,,0,2237,0,2237,1.0,0,301,,,744
multihop_03,one_shot,1,weather,weather_anomaly_1001,anomaly_detection_agent|weather_context_agent,,anomaly_detection_agent|weather_context_agent,,0.0,0.0,0.0,0.0,0.0,0.0,0.0,1.0,1,3.25,5,3,2,3,False,,,0,4566,0,4566,1.0,0,302,,,754
multihop_04,one_shot,0,payment_risk,shock_risk_1002,bill_shock_forecast_agent|payment_risk_hardship_agent,,bill_shock_forecast_agent|payment_risk_hardship_agent,,0.0,0.0,0.0,0.0,0.0,0.0,0.0,0.5,1,3.0,5,2,2,3,False,,,0,3397,0,3397,1.0,0,374,,,1081
multihop_04,one_shot,1,payment_risk,shock_risk_1002,bill_shock_forecast_agent|payment_risk_hardship_agent,,bill_shock_forecast_agent|payment_risk_hardship_agent,,0.0,0.0,0.0,0.0,0.0,0.0,0.0,0.5,1,3.0,5,2,2,3,False,,,0,5150,0,5150,1.0,0,413,,,1283
multihop_05,one_shot,0,billing,lookup_billing_1001,customer_lookup_agent|billing_agent,,customer_lookup_agent|billing_agent,,0.0,0.0,0.0,0.0,0.0,0.0,0.0,0.5,1,2.75,5,2,1,3,False,,,0,2543,0,2543,1.0,0,236,,,387
multihop_05,one_shot,1,billing,lookup_billing_1001,customer_lookup_agent|billing_agent,,customer_lookup_agent|billing_agent,,0.0,0.0,0.0,0.0,0.0,0.0,0.0,0.5,1,2.75,5,2,1,3,False,,,0,1573,0,1573,1.0,0,232,,,376
multihop_06,one_shot,0,payment_risk,outage_risk_1002,outage_detection_agent|bill_shock_forecast_agent|payment_risk_hardship_agent,,outage_detection_agent|bill_shock_forecast_agent|payment_risk_hardship_agent,,0.0,0.0,0.0,0.0,0.0,0.0,0.0,1.0,1,3.25,5,3,2,3,False,,,0,3278,0,3278,1.0,0,289,,,668
multihop_06,one_shot,1,payment_risk,outage_risk_1002,outage_detection_agent|bill_shock_forecast_agent|payment_risk_hardship_agent,,outage_detection_agent|bill_shock_forecast_agent|payment_risk_hardship_agent,,0.0,0.0,0.0,0.0,0.0,0.0,0.0,1.0,1,3.0,5,2,2,3,False,,,0,2759,0,2759,1.0,0,343,,,974
multihop_07,one_shot,0,solar,weather_solar_billing_1001,weather_context_agent|solar_performance_credit_loss_agent|billing_agent,,weather_context_agent|solar_performance_credit_loss_agent|billing_agent,,0.0,0.0,0.0,0.0,0.0,0.0,0.0,1.0,1,3.25,5,3,2,3,False,,,0,3778,0,3778,1.0,0,345,,,967
multihop_07,one_shot,1,solar,weather_solar_billing_1001,weather_context_agent|solar_performance_credit_loss_agent|billing_agent,,weather_context_agent|solar_performance_credit_loss_agent|billing_agent,,0.0,0.0,0.0,0.0,0.0,0.0,0.0,0.667,1,3.25,5,3,2,3,False,,,0,2438,0,2438,1.0,0,325,,,842
multihop_08,one_shot,0,anomaly,lookup_anomaly_program_1002,customer_lookup_agent|anomaly_detection_agent|program_enrollment_simulation_agent,,customer_lookup_agent|anomaly_detection_agent|program_enrollment_simulation_agent,,0.0,0.0,0.0,0.0,0.0,0.0,0.0,1.0,1,3.0,5,2,2,3,False,,,0,3219,0,3219,1.0,0,428,,,1363
multihop_08,one_shot,1,anomaly,lookup_anomaly_program_1002,customer_lookup_agent|anomaly_detection_agent|program_enrollment_simulation_agent,,customer_lookup_agent|anomaly_detection_agent|program_enrollment_simulation_agent,,0.0,0.0,0.0,0.0,0.0,0.0,0.0,1.0,1,3.25,5,3,2,3,False,,,0,6467,0,6467,1.0,0,420,,,1281
multihop_09,one_shot,0,payment_risk,forecast_program_risk_1002,bill_shock_forecast_agent|program_enrollment_simulation_agent|payment_risk_hardship_agent,,bill_shock_forecast_agent|program_enrollment_simulation_agent|payment_risk_hardship_agent,,0.0,0.0,0.0,0.0,0.0,0.0,0.0,1.0,1,2.75,5,2,2,2,False,,,0,5218,0,5218,1.0,0,403,,,1266
multihop_09,one_shot,1,payment_risk,forecast_program_risk_1002,bill_shock_forecast_agent|program_enrollment_simulation_agent|payment_risk_hardship_agent,,bill_shock_forecast_agent|program_enrollment_simulation_agent|payment_risk_hardship_agent,,0.0,0.0,0.0,0.0,0.0,0.0,0.0,1.0,1,2.75,5,2,2,2,False,,,0,6155,0,6155,1.0,0,403,,,1261
multihop_10,one_shot,0,billing,full_investigation_1001,anomaly_detection_agent|weather_context_agent|outage_detection_agent|billing_agent,,anomaly_detection_agent|weather_context_agent|outage_detection_agent|billing_agent,,0.0,0.0,0.0,0.0,0.0,0.0,0.0,0.6,1,3.0,5,2,2,3,False,,,0,4079,0,4079,1.0,0,468,,,1479
multihop_10,one_shot,1,billing,full_investigation_1001,anomaly_detection_agent|weather_context_agent|outage_detection_agent|billing_agent,,anomaly_detection_agent|weather_context_agent|outage_detection_agent|billing_agent,,0.0,0.0,0.0,0.0,0.0,0.0,0.0,0.6,1,3.0,5,2,2,3,False,,,0,5406,0,5406,1.0,0,489,,,1615
