task_id,system,run_idx,task_success,reason
anomaly_01_a,langgraph,0,1,"fact_coverage 1.00, no punt"
anomaly_01_a,langgraph,1,1,"fact_coverage 1.00, no punt"
anomaly_01_a,one_shot,0,1,"fact_coverage 0.67, no punt"
anomaly_01_a,one_shot,1,1,"fact_coverage 0.67, no punt"
anomaly_01_a,orchestrator,0,1,"fact_coverage 1.00, no punt"
anomaly_01_a,orchestrator,1,1,"fact_coverage 1.00, no punt"
anomaly_01_a,rag,0,1,"fact_coverage 1.00, no punt"
anomaly_01_a,rag,1,1,"fact_coverage 1.00, no punt"
anomaly_01_b,langgraph,0,1,"fact_coverage 1.00, no punt"
anomaly_01_b,langgraph,1,1,"fact_coverage 1.00, no punt"
anomaly_01_b,one_shot,0,0,fact_coverage 0.33 < 0.5
anomaly_01_b,one_shot,1,0,fact_coverage 0.00 < 0.5
anomaly_01_b,orchestrator,0,1,"fact_coverage 0.67, no punt"
anomaly_01_b,orchestrator,1,1,"fact_coverage 1.00, no punt"
anomaly_01_b,rag,0,1,"fact_coverage 0.67, no punt"
anomaly_01_b,rag,1,1,"fact_coverage 0.67, no punt"
anomaly_01_c,langgraph,0,1,"fact_coverage 1.00, no punt"
anomaly_01_c,langgraph,1,1,"fact_coverage 1.00, no punt"
anomaly_01_c,one_shot,0,1,"fact_coverage 0.67, no punt"
anomaly_01_c,one_shot,1,1,"fact_coverage 0.67, no punt"
anomaly_01_c,orchestrator,0,1,"fact_coverage 1.00, no punt"
anomaly_01_c,orchestrator,1,1,"fact_coverage 1.00, no punt"
anomaly_01_c,rag,0,1,"fact_coverage 0.67, no punt"
anomaly_01_c,rag,1,1,"fact_coverage 0.67, no punt"
anomaly_02,langgraph,0,1,"fact_coverage 1.00, no punt"
anomaly_02,langgraph,1,1,"fact_coverage 1.00, no punt"
anomaly_02,one_shot,0,1,"fact_coverage 1.00, no punt"
anomaly_02,one_shot,1,1,"fact_coverage 0.50, no punt"
anomaly_02,orchestrator,0,1,"fact_coverage 1.00, no punt"
anomaly_02,orchestrator,1,1,"fact_coverage 1.00, no punt"
anomaly_02,rag,0,1,"fact_coverage 0.50, no punt"
anomaly_02,rag,1,1,"fact_coverage 0.50, no punt"
billing_01_a,langgraph,0,1,"fact_coverage 1.00, no punt"
billing_01_a,langgraph,1,1,"fact_coverage 1.00, no punt"
billing_01_a,one_shot,0,0,fact_coverage 0.25 < 0.5
billing_01_a,one_shot,1,0,fact_coverage 0.25 < 0.5
billing_01_a,orchestrator,0,1,"fact_coverage 1.00, no punt"
billing_01_a,orchestrator,1,1,"fact_coverage 1.00, no punt"
billing_01_a,rag,0,1,"fact_coverage 1.00, no punt"
billing_01_a,rag,1,1,"fact_coverage 1.00, no punt"
billing_01_b,langgraph,0,0,fact_coverage 0.25 < 0.5
billing_01_b,langgraph,1,0,fact_coverage 0.25 < 0.5
billing_01_b,one_shot,0,0,fact_coverage 0.25 < 0.5
billing_01_b,one_shot,1,0,fact_coverage 0.25 < 0.5
billing_01_b,orchestrator,0,1,"fact_coverage 1.00, no punt"
billing_01_b,orchestrator,1,1,"fact_coverage 1.00, no punt"
billing_01_b,rag,0,1,"fact_coverage 1.00, no punt"
billing_01_b,rag,1,1,"fact_coverage 1.00, no punt"
billing_01_c,langgraph,0,1,"fact_coverage 1.00, no punt"
billing_01_c,langgraph,1,1,"fact_coverage 1.00, no punt"
billing_01_c,one_shot,0,0,fact_coverage 0.25 < 0.5
billing_01_c,one_shot,1,0,fact_coverage 0.25 < 0.5
billing_01_c,orchestrator,0,1,"fact_coverage 1.00, no punt"
billing_01_c,orchestrator,1,1,"fact_coverage 1.00, no punt"
billing_01_c,rag,0,1,"fact_coverage 1.00, no punt"
billing_01_c,rag,1,1,"fact_coverage 1.00, no punt"
billing_02,langgraph,0,1,"fact_coverage 1.00, no punt"
billing_02,langgraph,1,1,"fact_coverage 1.00, no punt"
billing_02,one_shot,0,1,"fact_coverage 0.75, no punt"
billing_02,one_shot,1,1,"fact_coverage 0.75, no punt"
billing_02,orchestrator,0,1,"fact_coverage 1.00, no punt"
billing_02,orchestrator,1,1,"fact_coverage 1.00, no punt"
billing_02,rag,0,0,fact_coverage 0.25 < 0.5
billing_02,rag,1,0,fact_coverage 0.25 < 0.5
billing_03,langgraph,0,1,"fact_coverage 1.00, no punt"
billing_03,langgraph,1,1,"fact_coverage 1.00, no punt"
billing_03,one_shot,0,1,"fact_coverage 0.67, no punt"
billing_03,one_shot,1,1,"fact_coverage 0.67, no punt"
billing_03,orchestrator,0,1,"fact_coverage 1.00, no punt"
billing_03,orchestrator,1,1,"fact_coverage 1.00, no punt"
billing_03,rag,0,1,"fact_coverage 1.00, no punt"
billing_03,rag,1,1,"fact_coverage 1.00, no punt"
multihop_01,langgraph,0,1,"fact_coverage 0.80, no punt"
multihop_01,langgraph,1,1,"fact_coverage 0.80, no punt"
multihop_01,one_shot,0,1,"fact_coverage 0.80, no punt"
multihop_01,one_shot,1,1,"fact_coverage 0.60, no punt"
multihop_01,orchestrator,0,1,"fact_coverage 1.00, no punt"
multihop_01,orchestrator,1,1,"fact_coverage 1.00, no punt"
multihop_01,rag,0,1,"fact_coverage 0.80, no punt"
multihop_01,rag,1,1,"fact_coverage 0.80, no punt"
multihop_02,langgraph,0,1,"fact_coverage 0.67, no punt"
multihop_02,langgraph,1,1,"fact_coverage 0.67, no punt"
multihop_02,one_shot,0,1,"fact_coverage 1.00, no punt"
multihop_02,one_shot,1,1,"fact_coverage 1.00, no punt"
multihop_02,orchestrator,0,1,"fact_coverage 1.00, no punt"
multihop_02,orchestrator,1,1,"fact_coverage 1.00, no punt"
multihop_02,rag,0,1,"fact_coverage 1.00, no punt"
multihop_02,rag,1,1,"fact_coverage 1.00, no punt"
multihop_03,langgraph,0,1,"fact_coverage 1.00, no punt"
multihop_03,langgraph,1,1,"fact_coverage 1.00, no punt"
multihop_03,one_shot,0,1,"fact_coverage 1.00, no punt"
multihop_03,one_shot,1,1,"fact_coverage 1.00, no punt"
multihop_03,orchestrator,0,1,"fact_coverage 1.00, no punt"
multihop_03,orchestrator,1,1,"fact_coverage 1.00, no punt"
multihop_03,rag,0,1,"fact_coverage 0.67, no punt"
multihop_03,rag,1,1,"fact_coverage 0.67, no punt"
multihop_04,langgraph,0,1,"fact_coverage 0.50, no punt"
multihop_04,langgraph,1,1,"fact_coverage 0.50, no punt"
multihop_04,one_shot,0,1,"fact_coverage 0.50, no punt"
multihop_04,one_shot,1,1,"fact_coverage 0.50, no punt"
multihop_04,orchestrator,0,1,"fact_coverage 0.50, no punt"
multihop_04,orchestrator,1,1,"fact_coverage 1.00, no punt"
multihop_04,rag,0,1,"fact_coverage 0.50, no punt"
multihop_04,rag,1,1,"fact_coverage 0.50, no punt"
multihop_05,langgraph,0,1,"fact_coverage 1.00, no punt"
multihop_05,langgraph,1,1,"fact_coverage 1.00, no punt"
multihop_05,one_shot,0,1,"fact_coverage 0.50, no punt"
multihop_05,one_shot,1,1,"fact_coverage 0.50, no punt"
multihop_05,orchestrator,0,1,"fact_coverage 1.00, no punt"
multihop_05,orchestrator,1,1,"fact_coverage 1.00, no punt"
multihop_05,rag,0,1,"fact_coverage 1.00, no punt"
multihop_05,rag,1,1,"fact_coverage 1.00, no punt"
multihop_06,langgraph,0,1,"fact_coverage 1.00, no punt"
multihop_06,langgraph,1,1,"fact_coverage 1.00, no punt"
multihop_06,one_shot,0,1,"fact_coverage 1.00, no punt"
multihop_06,one_shot,1,1,"fact_coverage 1.00, no punt"
multihop_06,orchestrator,0,1,"fact_coverage 1.00, no punt"
multihop_06,orchestrator,1,1,"fact_coverage 1.00, no punt"
multihop_06,rag,0,1,"fact_coverage 1.00, no punt"
multihop_06,rag,1,1,"fact_coverage 1.00, no punt"
multihop_07,langgraph,0,1,"fact_coverage 0.67, no punt"
multihop_07,langgraph,1,1,"fact_coverage 1.00, no punt"
multihop_07,one_shot,0,1,"fact_coverage 1.00, no punt"
multihop_07,one_shot,1,1,"fact_coverage 0.67, no punt"
multihop_07,orchestrator,0,1,"fact_coverage 1.00, no punt"
multihop_07,orchestrator,1,1,"fact_coverage 1.00, no punt"
multihop_07,rag,0,1,"fact_coverage 0.67, no punt"
multihop_07,rag,1,1,"fact_coverage 0.67, no punt"
multihop_08,langgraph,0,1,"fact_coverage 1.00, no punt"
multihop_08,langgraph,1,1,"fact_coverage 1.00, no punt"
multihop_08,one_shot,0,1,"fact_coverage 1.00, no punt"
multihop_08,one_shot,1,1,"fact_coverage 1.00, no punt"
multihop_08,orchestrator,0,1,"fact_coverage 1.00, no punt"
multihop_08,orchestrator,1,1,"fact_coverage 1.00, no punt"
multihop_08,rag,0,1,"fact_coverage 1.00, no punt"
multihop_08,rag,1,1,"fact_coverage 1.00, no punt"
multihop_09,langgraph,0,1,"fact_coverage 1.00, no punt"
multihop_09,langgraph,1,1,"fact_coverage 1.00, no punt"
multihop_09,one_shot,0,1,"fact_coverage 1.00, no punt"
multihop_09,one_shot,1,1,"fact_coverage 1.00, no punt"
multihop_09,orchestrator,0,1,"fact_coverage 0.67, no punt"
multihop_09,orchestrator,1,0,punt + fact_coverage 0.67 < 0.7
multihop_09,rag,0,1,"fact_coverage 1.00, no punt"
multihop_09,rag,1,1,"fact_coverage 1.00, no punt"
multihop_10,langgraph,0,1,"fact_coverage 1.00, no punt"
multihop_10,langgraph,1,1,"fact_coverage 1.00, no punt"
multihop_10,one_shot,0,1,"fact_coverage 0.60, no punt"
multihop_10,one_shot,1,1,"fact_coverage 0.60, no punt"
multihop_10,orchestrator,0,1,"fact_coverage 1.00, no punt"
multihop_10,orchestrator,1,1,"fact_coverage 1.00, no punt"
multihop_10,rag,0,1,"fact_coverage 0.60, no punt"
multihop_10,rag,1,1,"fact_coverage 0.60, no punt"
outage_01_a,langgraph,0,1,"fact_coverage 1.00, no punt"
outage_01_a,langgraph,1,1,"fact_coverage 1.00, no punt"
outage_01_a,one_shot,0,1,"fact_coverage 0.67, no punt"
outage_01_a,one_shot,1,1,"fact_coverage 0.67, no punt"
outage_01_a,orchestrator,0,1,"fact_coverage 1.00, no punt"
outage_01_a,orchestrator,1,1,"fact_coverage 1.00, no punt"
outage_01_a,rag,0,1,"fact_coverage 1.00, no punt"
outage_01_a,rag,1,1,"fact_coverage 1.00, no punt"
outage_01_b,langgraph,0,1,"fact_coverage 1.00, no punt"
outage_01_b,langgraph,1,1,"fact_coverage 1.00, no punt"
outage_01_b,one_shot,0,1,"fact_coverage 0.67, no punt"
outage_01_b,one_shot,1,1,"fact_coverage 0.67, no punt"
outage_01_b,orchestrator,0,0,punt + fact_coverage 0.00 < 0.7
outage_01_b,orchestrator,1,0,punt + fact_coverage 0.00 < 0.7
outage_01_b,rag,0,1,"fact_coverage 0.67, no punt"
outage_01_b,rag,1,1,"fact_coverage 0.67, no punt"
outage_01_c,langgraph,0,1,"fact_coverage 1.00, no punt"
outage_01_c,langgraph,1,1,"fact_coverage 1.00, no punt"
outage_01_c,one_shot,0,1,"fact_coverage 0.67, no punt"
outage_01_c,one_shot,1,1,"fact_coverage 0.67, no punt"
outage_01_c,orchestrator,0,1,"fact_coverage 1.00, no punt"
outage_01_c,orchestrator,1,1,"fact_coverage 1.00, no punt"
outage_01_c,rag,0,0,fact_coverage 0.33 < 0.5
outage_01_c,rag,1,0,fact_coverage 0.33 < 0.5
outage_02,langgraph,0,1,"fact_coverage 1.00, no punt"
outage_02,langgraph,1,1,"fact_coverage 1.00, no punt"
outage_02,one_shot,0,1,"fact_coverage 1.00, no punt"
outage_02,one_shot,1,1,"fact_coverage 1.00, no punt"
outage_02,orchestrator,0,0,punt + fact_coverage 0.00 < 0.7
outage_02,orchestrator,1,0,punt + fact_coverage 0.00 < 0.7
outage_02,rag,0,1,"fact_coverage 1.00, no punt"
outage_02,rag,1,1,"fact_coverage 1.00, no punt"
payment_01_a,langgraph,0,1,"fact_coverage 1.00, no punt"
payment_01_a,langgraph,1,1,"fact_coverage 1.00, no punt"
payment_01_a,one_shot,0,0,punt + fact_coverage 0.50 < 0.7
payment_01_a,one_shot,1,1,"fact_coverage 1.00, no punt"
payment_01_a,orchestrator,0,1,"fact_coverage 1.00, no punt"
payment_01_a,orchestrator,1,1,"fact_coverage 1.00, no punt"
payment_01_a,rag,0,1,"fact_coverage 1.00, no punt"
payment_01_a,rag,1,1,"fact_coverage 1.00, no punt"
payment_01_b,langgraph,0,1,"fact_coverage 1.00, no punt"
payment_01_b,langgraph,1,1,"fact_coverage 1.00, no punt"
payment_01_b,one_shot,0,1,"fact_coverage 1.00, no punt"
payment_01_b,one_shot,1,1,"fact_coverage 0.50, no punt"
payment_01_b,orchestrator,0,1,"fact_coverage 1.00, no punt"
payment_01_b,orchestrator,1,1,"fact_coverage 1.00, no punt"
payment_01_b,rag,0,1,"fact_coverage 1.00, no punt"
payment_01_b,rag,1,1,"fact_coverage 1.00, no punt"
payment_01_c,langgraph,0,1,"fact_coverage 1.00, no punt"
payment_01_c,langgraph,1,1,"fact_coverage 1.00, no punt"
payment_01_c,one_shot,0,1,"fact_coverage 0.50, no punt"
payment_01_c,one_shot,1,1,"fact_coverage 1.00, no punt"
payment_01_c,orchestrator,0,1,"fact_coverage 1.00, no punt"
payment_01_c,orchestrator,1,1,"fact_coverage 1.00, no punt"
payment_01_c,rag,0,1,"fact_coverage 1.00, no punt"
payment_01_c,rag,1,1,"fact_coverage 1.00, no punt"
payment_02,langgraph,0,1,"fact_coverage 0.50, no punt"
payment_02,langgraph,1,1,"fact_coverage 1.00, no punt"
payment_02,one_shot,0,1,"fact_coverage 1.00, no punt"
payment_02,one_shot,1,1,"fact_coverage 1.00, no punt"
payment_02,orchestrator,0,1,"fact_coverage 1.00, no punt"
payment_02,orchestrator,1,1,"fact_coverage 1.00, no punt"
payment_02,rag,0,1,"fact_coverage 1.00, no punt"
payment_02,rag,1,1,"fact_coverage 1.00, no punt"
solar_01_a,langgraph,0,1,"fact_coverage 1.00, no punt"
solar_01_a,langgraph,1,1,"fact_coverage 1.00, no punt"
solar_01_a,one_shot,0,1,"fact_coverage 1.00, no punt"
solar_01_a,one_shot,1,1,"fact_coverage 1.00, no punt"
solar_01_a,orchestrator,0,1,"fact_coverage 1.00, no punt"
solar_01_a,orchestrator,1,1,"fact_coverage 1.00, no punt"
solar_01_a,rag,0,1,"fact_coverage 1.00, no punt"
solar_01_a,rag,1,1,"fact_coverage 1.00, no punt"
solar_01_b,langgraph,0,1,"fact_coverage 1.00, no punt"
solar_01_b,langgraph,1,1,"fact_coverage 1.00, no punt"
solar_01_b,one_shot,0,1,"fact_coverage 1.00, no punt"
solar_01_b,one_shot,1,1,"fact_coverage 1.00, no punt"
solar_01_b,orchestrator,0,1,"fact_coverage 1.00, no punt"
solar_01_b,orchestrator,1,1,"fact_coverage 1.00, no punt"
solar_01_b,rag,0,1,"fact_coverage 1.00, no punt"
solar_01_b,rag,1,1,"fact_coverage 1.00, no punt"
solar_01_c,langgraph,0,1,"fact_coverage 1.00, no punt"
solar_01_c,langgraph,1,1,"fact_coverage 1.00, no punt"
solar_01_c,one_shot,0,1,"fact_coverage 1.00, no punt"
solar_01_c,one_shot,1,1,"fact_coverage 1.00, no punt"
solar_01_c,orchestrator,0,1,"fact_coverage 1.00, no punt"
solar_01_c,orchestrator,1,1,"fact_coverage 1.00, no punt"
solar_01_c,rag,0,1,"fact_coverage 1.00, no punt"
solar_01_c,rag,1,1,"fact_coverage 1.00, no punt"
solar_02,langgraph,0,1,"fact_coverage 1.00, no punt"
solar_02,langgraph,1,1,"fact_coverage 1.00, no punt"
solar_02,one_shot,0,1,"fact_coverage 1.00, no punt"
solar_02,one_shot,1,1,"fact_coverage 1.00, no punt"
solar_02,orchestrator,0,1,"fact_coverage 1.00, no punt"
solar_02,orchestrator,1,1,"fact_coverage 1.00, no punt"
solar_02,rag,0,1,"fact_coverage 1.00, no punt"
solar_02,rag,1,1,"fact_coverage 1.00, no punt"
weather_01_a,langgraph,0,1,"fact_coverage 1.00, no punt"
weather_01_a,langgraph,1,1,"fact_coverage 1.00, no punt"
weather_01_a,one_shot,0,1,"fact_coverage 1.00, no punt"
weather_01_a,one_shot,1,1,"fact_coverage 1.00, no punt"
weather_01_a,orchestrator,0,1,"fact_coverage 1.00, no punt"
weather_01_a,orchestrator,1,1,"fact_coverage 1.00, no punt"
weather_01_a,rag,0,0,fact_coverage 0.33 < 0.5
weather_01_a,rag,1,0,fact_coverage 0.33 < 0.5
weather_01_b,langgraph,0,1,"fact_coverage 1.00, no punt"
weather_01_b,langgraph,1,1,"fact_coverage 1.00, no punt"
weather_01_b,one_shot,0,1,"fact_coverage 1.00, no punt"
weather_01_b,one_shot,1,1,"fact_coverage 1.00, no punt"
weather_01_b,orchestrator,0,1,"fact_coverage 1.00, no punt"
weather_01_b,orchestrator,1,1,"fact_coverage 1.00, no punt"
weather_01_b,rag,0,1,"fact_coverage 0.67, no punt"
weather_01_b,rag,1,0,fact_coverage 0.33 < 0.5
weather_01_c,langgraph,0,1,"fact_coverage 1.00, no punt"
weather_01_c,langgraph,1,1,"fact_coverage 1.00, no punt"
weather_01_c,one_shot,0,0,fact_coverage 0.33 < 0.5
weather_01_c,one_shot,1,1,"fact_coverage 0.67, no punt"
weather_01_c,orchestrator,0,1,"fact_coverage 1.00, no punt"
weather_01_c,orchestrator,1,1,"fact_coverage 1.00, no punt"
weather_01_c,rag,0,0,fact_coverage 0.33 < 0.5
weather_01_c,rag,1,0,fact_coverage 0.33 < 0.5
weather_02,langgraph,0,1,"fact_coverage 1.00, no punt"
weather_02,langgraph,1,1,"fact_coverage 1.00, no punt"
weather_02,one_shot,0,1,"fact_coverage 0.50, no punt"
weather_02,one_shot,1,1,"fact_coverage 1.00, no punt"
weather_02,orchestrator,0,1,"fact_coverage 1.00, no punt"
weather_02,orchestrator,1,1,"fact_coverage 1.00, no punt"
weather_02,rag,0,1,"fact_coverage 1.00, no punt"
weather_02,rag,1,1,"fact_coverage 1.00, no punt"
